nodes,taskspernode,threadspertask,step,balance,cpufreq,slurm_job_id,tpe,tlb,tce,tse,tte,tmpe,tmlb,tmce,tmse,tmte,tope,tolb,toce,tose,tote,epe,elb,ece,ese,ete,empe,emlb,emce,emse,emte,eope,eolb,eoce,eose,eote,total_time
1,1,96,1,0,1000000,61141388,0.401,0.855,0.469,0.517,0.907,0.937,1.000,0.937,1.000,0.937,0.428,0.855,0.500,0.517,0.967,0.084,1.703,0.049,1.990,0.025,0.327,1.000,0.327,1.000,0.327,0.256,1.703,0.150,1.990,0.075,22.940
1,1,96,1,0,1500000,61141393,0.401,0.916,0.437,0.480,0.911,0.934,1.000,0.934,1.000,0.934,0.429,0.916,0.468,0.480,0.976,0.084,1.222,0.068,2.720,0.025,0.342,1.000,0.342,1.000,0.342,0.245,1.222,0.200,2.720,0.074,18.794
1,1,96,1,0,2000000,61141398,0.355,0.823,0.432,0.471,0.917,0.944,1.000,0.944,1.000,0.944,0.376,0.823,0.457,0.471,0.971,0.078,1.328,0.059,0.688,0.086,0.680,1.000,0.680,1.000,0.680,0.115,1.328,0.087,0.688,0.126,18.274
1,1,96,1,0,2500000,61141399,0.382,0.911,0.420,0.526,0.798,0.808,1.000,0.808,1.000,0.808,0.473,0.911,0.520,0.526,0.988,0.012,0.973,0.012,0.976,0.013,0.080,1.000,0.080,1.000,0.080,0.150,0.973,0.154,0.976,0.158,7.963
1,1,96,1,0,3000000,61141400,0.337,0.900,0.375,0.531,0.706,0.713,1.000,0.713,1.000,0.713,0.473,0.900,0.525,0.531,0.989,0.013,1.636,0.008,0.719,0.011,0.050,1.000,0.050,1.000,0.050,0.254,1.636,0.156,0.719,0.216,7.994
1,1,96,1,0,3500000,61141401,0.379,0.909,0.417,0.527,0.792,0.799,1.000,0.799,1.000,0.799,0.474,0.909,0.522,0.527,0.990,0.013,1.962,0.006,0.420,0.015,0.098,1.000,0.098,1.000,0.098,0.129,1.962,0.066,0.420,0.156,7.064
1,1,96,1,0,3800000,61141402,0.373,0.917,0.406,0.515,0.789,0.797,1.000,0.797,1.000,0.797,0.467,0.917,0.509,0.515,0.989,0.013,2.140,0.006,0.202,0.030,0.171,1.000,0.171,1.000,0.171,0.075,2.140,0.035,0.202,0.174,6.567
1,1,96,1,1,1000000,61141403,0.402,0.870,0.462,0.507,0.911,0.942,1.000,0.942,1.000,0.942,0.427,0.870,0.491,0.507,0.967,0.088,1.191,0.074,3.701,0.020,0.291,1.000,0.291,1.000,0.291,0.304,1.191,0.255,3.701,0.069,21.937
1,1,96,1,1,1500000,61141404,0.402,0.899,0.447,0.488,0.918,0.940,1.000,0.940,1.000,0.940,0.428,0.899,0.476,0.488,0.976,0.092,1.204,0.076,5.171,0.015,0.239,1.000,0.239,1.000,0.239,0.382,1.204,0.317,5.171,0.061,18.113
1,1,96,1,1,2000000,61141405,0.398,0.886,0.450,0.495,0.909,0.936,1.000,0.936,1.000,0.936,0.425,0.886,0.480,0.495,0.971,0.094,1.299,0.072,3.802,0.019,0.294,1.000,0.294,1.000,0.294,0.321,1.299,0.247,3.802,0.065,17.805
1,1,96,1,1,2500000,61141406,0.381,0.928,0.411,0.505,0.813,0.823,1.000,0.823,1.000,0.823,0.463,0.928,0.499,0.505,0.988,0.012,1.692,0.007,0.230,0.031,0.182,1.000,0.182,1.000,0.182,0.067,1.692,0.039,0.230,0.172,7.305
1,1,96,1,1,3000000,61141407,0.382,0.909,0.420,0.523,0.803,0.813,1.000,0.813,1.000,0.813,0.469,0.909,0.517,0.523,0.987,0.013,2.321,0.005,0.497,0.011,0.076,1.000,0.076,1.000,0.076,0.166,2.321,0.072,0.497,0.144,6.724
1,1,96,1,1,3500000,61141408,0.384,0.925,0.414,0.517,0.801,0.810,1.000,0.810,1.000,0.810,0.474,0.925,0.512,0.517,0.989,0.012,1.695,0.007,0.650,0.011,0.079,1.000,0.079,1.000,0.079,0.158,1.695,0.094,0.650,0.144,6.343
1,1,96,1,1,3800000,61141409,0.382,0.917,0.416,0.517,0.806,0.814,1.000,0.814,1.000,0.814,0.469,0.917,0.512,0.517,0.990,0.013,4.466,0.003,0.109,0.027,0.167,1.000,0.167,1.000,0.167,0.078,4.466,0.017,0.109,0.160,6.249
1,1,96,1,2,1000000,61141410,0.408,0.892,0.457,0.502,0.911,0.940,1.000,0.940,1.000,0.940,0.433,0.892,0.486,0.502,0.969,0.083,1.091,0.076,3.813,0.020,0.286,1.000,0.286,1.000,0.286,0.289,1.091,0.265,3.813,0.070,21.233
1,1,96,1,2,1500000,61141411,0.403,0.863,0.468,0.514,0.910,0.938,1.000,0.938,1.000,0.938,0.430,0.863,0.499,0.514,0.970,0.088,1.391,0.063,3.353,0.019,0.253,1.000,0.253,1.000,0.253,0.347,1.391,0.250,3.353,0.074,18.376
1,1,96,1,2,2000000,61141412,0.402,0.905,0.444,0.490,0.907,0.933,1.000,0.933,1.000,0.933,0.431,0.905,0.476,0.490,0.972,0.087,1.246,0.070,3.621,0.019,0.292,1.000,0.292,1.000,0.292,0.299,1.246,0.240,3.621,0.066,16.601
1,1,96,1,2,2500000,61141418,0.385,0.908,0.424,0.528,0.803,0.814,1.000,0.814,1.000,0.814,0.473,0.908,0.521,0.528,0.986,0.012,1.060,0.011,0.981,0.012,0.077,1.000,0.077,1.000,0.077,0.158,1.060,0.149,0.981,0.152,7.586
1,1,96,1,2,3000000,61141433,0.373,0.930,0.401,0.506,0.792,0.802,1.000,0.802,1.000,0.802,0.465,0.930,0.500,0.506,0.988,0.012,1.411,0.009,0.332,0.026,0.157,1.000,0.157,1.000,0.157,0.076,1.411,0.054,0.332,0.163,6.593
1,1,96,1,2,3500000,61141447,0.343,0.907,0.378,0.520,0.728,0.735,1.000,0.735,1.000,0.735,0.467,0.907,0.514,0.520,0.990,0.011,1.024,0.011,0.363,0.031,0.139,1.000,0.139,1.000,0.139,0.082,1.024,0.081,0.363,0.222,7.594
1,1,96,1,2,3800000,61141462,0.369,0.891,0.414,0.518,0.800,0.809,1.000,0.809,1.000,0.809,0.456,0.891,0.512,0.518,0.988,0.013,0.207,0.061,1.357,0.045,0.247,1.000,0.247,1.000,0.247,0.051,0.207,0.246,1.357,0.182,6.308
1,1,96,1,3,1000000,61141478,0.397,0.867,0.458,0.502,0.912,0.941,1.000,0.941,1.000,0.941,0.421,0.867,0.486,0.502,0.969,0.088,1.268,0.069,2.744,0.025,0.345,1.000,0.345,1.000,0.345,0.255,1.268,0.201,2.744,0.073,23.284
1,1,96,1,3,1500000,61141495,0.396,0.886,0.447,0.493,0.907,0.938,1.000,0.938,1.000,0.938,0.422,0.886,0.477,0.493,0.966,0.091,1.171,0.078,3.212,0.024,0.341,1.000,0.341,1.000,0.341,0.268,1.171,0.229,3.212,0.071,21.510
1,1,96,1,3,2000000,61141510,0.397,0.870,0.456,0.501,0.910,0.939,1.000,0.939,1.000,0.939,0.422,0.870,0.486,0.501,0.969,0.086,1.027,0.084,3.697,0.023,0.342,1.000,0.342,1.000,0.342,0.252,1.027,0.246,3.697,0.066,17.214
1,1,96,1,3,2500000,61141524,0.380,0.938,0.405,0.502,0.807,0.816,1.000,0.816,1.000,0.816,0.466,0.938,0.497,0.502,0.989,0.012,1.268,0.010,0.342,0.029,0.170,1.000,0.170,1.000,0.170,0.073,1.268,0.058,0.342,0.169,7.788
1,1,96,1,3,3000000,61141526,0.374,0.930,0.402,0.504,0.797,0.809,1.000,0.809,1.000,0.809,0.462,0.930,0.497,0.504,0.986,0.013,1.433,0.009,0.362,0.024,0.150,1.000,0.150,1.000,0.150,0.084,1.433,0.059,0.362,0.162,8.243
1,1,96,1,3,3500000,61141539,0.381,0.914,0.417,0.517,0.806,0.817,1.000,0.817,1.000,0.817,0.467,0.914,0.511,0.517,0.988,0.015,2.493,0.006,0.270,0.022,0.139,1.000,0.139,1.000,0.139,0.105,2.493,0.042,0.270,0.155,8.218
1,1,96,1,3,3800000,61141542,0.356,0.926,0.384,0.515,0.747,0.756,1.000,0.756,1.000,0.756,0.471,0.926,0.508,0.515,0.987,0.013,2.236,0.006,0.245,0.023,0.115,1.000,0.115,1.000,0.115,0.110,2.236,0.049,0.245,0.200,7.493
1,1,96,5,0,1000000,61141550,0.423,0.912,0.464,0.480,0.968,0.999,1.000,0.999,1.000,0.999,0.424,0.912,0.464,0.480,0.968,0.091,1.247,0.073,3.649,0.020,0.964,1.000,0.964,1.000,0.964,0.094,1.247,0.076,3.649,0.021,913.095
1,1,96,5,0,1500000,61141552,0.420,0.949,0.443,0.457,0.970,0.999,1.000,0.999,1.000,0.999,0.421,0.949,0.443,0.457,0.971,0.099,1.179,0.084,4.406,0.019,0.965,1.000,0.965,1.000,0.965,0.102,1.179,0.087,4.406,0.020,840.826
1,1,96,5,0,2000000,61141560,0.420,0.955,0.440,0.453,0.971,0.999,1.000,0.999,1.000,0.999,0.420,0.955,0.440,0.453,0.972,0.101,1.149,0.088,5.154,0.017,0.952,1.000,0.952,1.000,0.952,0.106,1.149,0.092,5.154,0.018,795.126
1,1,96,5,0,2500000,61141570,0.485,0.976,0.497,0.505,0.984,0.996,1.000,0.996,1.000,0.996,0.487,0.976,0.499,0.505,0.988,0.015,1.447,0.010,0.932,0.011,0.780,1.000,0.780,1.000,0.780,0.019,1.447,0.013,0.932,0.014,205.923
1,1,96,5,0,3000000,61141586,0.491,0.973,0.504,0.512,0.985,0.997,1.000,0.997,1.000,0.997,0.492,0.973,0.506,0.512,0.988,0.014,1.389,0.010,0.869,0.011,0.831,1.000,0.831,1.000,0.831,0.016,1.389,0.012,0.869,0.014,195.837
1,1,96,5,0,3500000,61141602,0.484,0.967,0.501,0.509,0.984,0.997,1.000,0.997,1.000,0.997,0.486,0.967,0.502,0.509,0.988,0.014,1.391,0.010,0.854,0.012,0.844,1.000,0.844,1.000,0.844,0.017,1.391,0.012,0.854,0.014,190.581
1,1,96,5,0,3800000,61141609,0.487,0.975,0.499,0.507,0.985,0.997,1.000,0.997,1.000,0.997,0.489,0.975,0.501,0.507,0.988,0.014,1.302,0.011,0.871,0.012,0.844,1.000,0.844,1.000,0.844,0.017,1.302,0.013,0.871,0.015,185.944
1,1,96,5,1,1000000,61141610,0.423,0.921,0.459,0.475,0.967,0.999,1.000,0.999,1.000,0.999,0.423,0.921,0.459,0.475,0.968,0.092,1.224,0.075,3.586,0.021,0.957,1.000,0.957,1.000,0.957,0.097,1.224,0.079,3.586,0.022,918.203
1,1,96,5,1,1500000,61141611,0.418,0.906,0.462,0.476,0.970,0.999,1.000,0.999,1.000,0.999,0.419,0.906,0.462,0.476,0.971,0.098,1.208,0.081,4.356,0.019,0.964,1.000,0.964,1.000,0.964,0.101,1.208,0.084,4.356,0.019,833.039
1,1,96,5,1,2000000,61141612,0.418,0.926,0.451,0.464,0.971,0.999,1.000,0.999,1.000,0.999,0.418,0.926,0.452,0.464,0.972,0.100,1.201,0.084,4.702,0.018,0.965,1.000,0.965,1.000,0.965,0.104,1.201,0.087,4.702,0.018,798.283
1,1,96,5,1,2500000,61141613,0.482,0.969,0.498,0.505,0.985,0.997,1.000,0.997,1.000,0.997,0.484,0.969,0.499,0.505,0.988,0.014,1.498,0.009,0.801,0.012,0.830,1.000,0.830,1.000,0.830,0.017,1.498,0.011,0.801,0.014,209.224
1,1,96,5,1,3000000,61141614,0.484,0.966,0.501,0.509,0.984,0.996,1.000,0.996,1.000,0.996,0.486,0.966,0.503,0.509,0.988,0.014,1.538,0.009,0.723,0.013,0.829,1.000,0.829,1.000,0.829,0.017,1.538,0.011,0.723,0.015,193.721
1,1,96,5,1,3500000,61141615,0.489,0.977,0.500,0.508,0.984,0.997,1.000,0.997,1.000,0.997,0.490,0.977,0.502,0.508,0.987,0.014,1.509,0.009,0.767,0.012,0.846,1.000,0.846,1.000,0.846,0.016,1.509,0.011,0.767,0.014,189.293
1,1,96,5,1,3800000,61141616,0.488,0.975,0.500,0.508,0.984,0.996,1.000,0.996,1.000,0.996,0.490,0.975,0.502,0.508,0.988,0.014,1.403,0.010,0.852,0.012,0.819,1.000,0.819,1.000,0.819,0.017,1.403,0.012,0.852,0.014,191.383
1,1,96,5,2,1000000,61141617,0.426,0.909,0.468,0.484,0.967,0.999,1.000,0.999,1.000,0.999,0.426,0.909,0.469,0.484,0.968,0.085,1.284,0.066,3.296,0.020,0.964,1.000,0.964,1.000,0.964,0.088,1.284,0.069,3.296,0.021,882.718
1,1,96,5,2,1500000,61141618,0.426,0.922,0.462,0.476,0.971,0.999,1.000,0.999,1.000,0.999,0.426,0.922,0.462,0.476,0.972,0.089,1.167,0.077,4.387,0.017,0.951,1.000,0.951,1.000,0.951,0.094,1.167,0.080,4.387,0.018,795.804
1,1,96,5,2,2000000,61141619,0.481,0.973,0.495,0.502,0.985,0.998,1.000,0.998,1.000,0.998,0.482,0.973,0.496,0.502,0.987,0.022,1.211,0.018,1.596,0.011,0.874,1.000,0.874,1.000,0.874,0.025,1.211,0.021,1.596,0.013,307.036
1,1,96,5,2,2500000,61141620,0.485,0.980,0.495,0.503,0.984,0.996,1.000,0.996,1.000,0.996,0.487,0.980,0.497,0.503,0.988,0.015,1.479,0.010,0.863,0.012,0.811,1.000,0.811,1.000,0.811,0.018,1.479,0.012,0.863,0.014,198.925
1,1,96,5,2,3000000,61141621,0.489,0.976,0.501,0.509,0.985,0.997,1.000,0.997,1.000,0.997,0.491,0.976,0.503,0.509,0.988,0.014,1.495,0.009,0.793,0.011,0.830,1.000,0.830,1.000,0.830,0.016,1.495,0.011,0.793,0.014,186.198
1,1,96,5,2,3500000,61141622,0.488,0.974,0.501,0.509,0.983,0.995,1.000,0.995,1.000,0.995,0.490,0.974,0.503,0.509,0.988,0.014,1.355,0.010,0.862,0.012,0.792,1.000,0.792,1.000,0.792,0.018,1.355,0.013,0.862,0.015,182.076
1,1,96,5,2,3800000,61141623,0.483,0.965,0.501,0.510,0.983,0.995,1.000,0.995,1.000,0.995,0.486,0.965,0.503,0.510,0.988,0.014,1.364,0.010,0.820,0.013,0.795,1.000,0.795,1.000,0.795,0.018,1.364,0.013,0.820,0.016,184.015
1,1,96,5,3,1000000,61141624,0.423,0.934,0.453,0.468,0.968,0.999,1.000,0.999,1.000,0.999,0.423,0.934,0.453,0.468,0.969,0.092,1.216,0.076,3.740,0.020,0.963,1.000,0.963,1.000,0.963,0.096,1.216,0.079,3.740,0.021,912.111
1,1,96,5,3,1500000,61141625,0.466,0.971,0.480,0.488,0.982,0.998,1.000,0.998,1.000,0.998,0.467,0.971,0.481,0.488,0.984,0.045,1.139,0.040,3.603,0.011,0.887,1.000,0.887,1.000,0.887,0.051,1.139,0.045,3.603,0.012,364.997
1,1,96,5,3,2000000,61141627,0.420,0.920,0.457,0.470,0.971,0.999,1.000,0.999,1.000,0.999,0.420,0.920,0.457,0.470,0.972,0.098,1.230,0.080,4.351,0.018,0.962,1.000,0.962,1.000,0.962,0.102,1.230,0.083,4.351,0.019,787.099
1,1,96,5,3,2500000,61141628,0.481,0.964,0.499,0.507,0.985,0.997,1.000,0.997,1.000,0.997,0.483,0.964,0.501,0.507,0.988,0.014,1.534,0.009,0.711,0.013,0.847,1.000,0.847,1.000,0.847,0.017,1.534,0.011,0.711,0.016,206.064
1,1,96,5,3,3000000,61141629,0.482,0.974,0.495,0.502,0.986,0.997,1.000,0.997,1.000,0.997,0.484,0.974,0.496,0.502,0.988,0.015,1.363,0.011,0.909,0.012,0.885,1.000,0.885,1.000,0.885,0.017,1.363,0.012,0.909,0.013,262.590
1,1,96,5,3,3500000,61141630,0.486,0.976,0.498,0.507,0.983,0.997,1.000,0.997,1.000,0.997,0.488,0.976,0.500,0.507,0.987,0.014,1.532,0.009,0.791,0.011,0.835,1.000,0.835,1.000,0.835,0.016,1.532,0.011,0.791,0.014,189.561
1,1,96,5,3,3800000,61141631,0.488,0.976,0.500,0.507,0.985,0.997,1.000,0.997,1.000,0.997,0.490,0.976,0.502,0.507,0.988,0.014,1.402,0.010,0.912,0.011,0.831,1.000,0.831,1.000,0.831,0.017,1.402,0.012,0.912,0.013,186.982
1,1,96,10,0,1000000,61141635,0.421,0.934,0.451,0.466,0.968,1.000,1.000,1.000,1.000,1.000,0.422,0.934,0.451,0.466,0.968,0.095,1.212,0.079,3.812,0.021,0.989,1.000,0.989,1.000,0.989,0.096,1.212,0.079,3.812,0.021,3028.606
1,1,96,10,0,1500000,61141640,0.414,0.945,0.438,0.452,0.970,1.000,1.000,1.000,1.000,1.000,0.414,0.945,0.439,0.452,0.970,0.103,1.137,0.091,4.839,0.019,0.988,1.000,0.988,1.000,0.988,0.105,1.137,0.092,4.839,0.019,2661.723
1,1,96,10,0,2000000,61141641,0.416,0.947,0.440,0.452,0.973,1.000,1.000,1.000,1.000,1.000,0.416,0.947,0.440,0.452,0.973,0.105,1.126,0.094,5.541,0.017,0.988,1.000,0.988,1.000,0.988,0.107,1.126,0.095,5.541,0.017,2493.961
1,1,96,10,0,2500000,61141642,0.488,0.972,0.501,0.508,0.987,0.999,1.000,0.999,1.000,0.999,0.488,0.972,0.502,0.508,0.988,0.015,1.420,0.011,0.923,0.011,0.935,1.000,0.935,1.000,0.935,0.016,1.420,0.011,0.923,0.012,688.822
1,1,96,10,0,3000000,61141643,0.485,0.961,0.505,0.512,0.986,0.999,1.000,0.999,1.000,0.999,0.486,0.961,0.506,0.512,0.988,0.016,1.482,0.011,0.896,0.012,0.941,1.000,0.941,1.000,0.941,0.017,1.482,0.011,0.896,0.012,637.024
1,1,96,10,0,3500000,61141644,0.488,0.974,0.501,0.508,0.987,0.999,1.000,0.999,1.000,0.999,0.488,0.974,0.502,0.508,0.988,0.016,1.423,0.011,0.963,0.012,0.941,1.000,0.941,1.000,0.941,0.017,1.423,0.012,0.963,0.012,622.915
1,1,96,10,0,3800000,61141645,0.485,0.970,0.500,0.507,0.987,0.999,1.000,0.999,1.000,0.999,0.486,0.970,0.501,0.507,0.988,0.017,1.414,0.012,1.056,0.011,0.936,1.000,0.936,1.000,0.936,0.018,1.414,0.013,1.056,0.012,578.767
1,1,96,10,1,1000000,61141646,0.417,0.915,0.456,0.472,0.967,1.000,1.000,1.000,1.000,1.000,0.418,0.915,0.457,0.472,0.967,0.095,1.310,0.073,3.647,0.020,0.988,1.000,0.988,1.000,0.988,0.096,1.310,0.074,3.647,0.020,2941.511
1,1,96,10,1,1500000,61141647,0.411,0.952,0.431,0.445,0.969,1.000,1.000,1.000,1.000,1.000,0.411,0.952,0.431,0.445,0.970,0.105,1.118,0.094,4.915,0.019,0.988,1.000,0.988,1.000,0.988,0.107,1.118,0.095,4.915,0.019,2614.883
1,1,96,10,1,2000000,61141648,0.419,0.951,0.440,0.454,0.971,1.000,1.000,1.000,1.000,1.000,0.419,0.951,0.440,0.454,0.971,0.103,1.121,0.092,4.790,0.019,0.989,1.000,0.989,1.000,0.989,0.105,1.121,0.093,4.790,0.019,2610.721
1,1,96,10,1,2500000,61141649,0.484,0.970,0.499,0.506,0.987,0.999,1.000,0.999,1.000,0.999,0.485,0.970,0.500,0.506,0.988,0.015,1.352,0.011,0.965,0.012,0.933,1.000,0.933,1.000,0.933,0.016,1.352,0.012,0.965,0.012,668.535
1,1,96,10,1,3000000,61141650,0.490,0.971,0.504,0.511,0.987,0.999,1.000,0.999,1.000,0.999,0.490,0.971,0.505,0.511,0.988,0.015,1.455,0.010,0.881,0.011,0.943,1.000,0.943,1.000,0.943,0.016,1.455,0.011,0.881,0.012,634.876
1,1,96,10,1,3500000,61141651,0.489,0.965,0.507,0.514,0.987,0.999,1.000,0.999,1.000,0.999,0.490,0.965,0.508,0.514,0.988,0.016,1.497,0.011,0.965,0.011,0.919,1.000,0.919,1.000,0.919,0.017,1.497,0.011,0.965,0.012,600.781
1,1,96,10,1,3800000,61141652,0.489,0.975,0.502,0.508,0.987,0.999,1.000,0.999,1.000,0.999,0.490,0.975,0.502,0.508,0.988,0.016,1.331,0.012,1.049,0.011,0.939,1.000,0.939,1.000,0.939,0.017,1.331,0.013,1.049,0.012,580.778
1,1,96,10,2,1000000,61141653,0.420,0.924,0.455,0.470,0.967,1.000,1.000,1.000,1.000,1.000,0.420,0.924,0.455,0.470,0.968,0.096,1.265,0.076,3.635,0.021,0.986,1.000,0.986,1.000,0.986,0.098,1.265,0.077,3.635,0.021,2980.416
1,1,96,10,2,1500000,61141654,0.414,0.939,0.441,0.455,0.969,1.000,1.000,1.000,1.000,1.000,0.414,0.939,0.441,0.455,0.970,0.102,1.167,0.088,4.553,0.019,0.988,1.000,0.988,1.000,0.988,0.103,1.167,0.089,4.553,0.019,2660.359
1,1,96,10,2,2000000,61141655,0.419,0.956,0.438,0.451,0.972,1.000,1.000,1.000,1.000,1.000,0.419,0.956,0.438,0.451,0.972,0.104,1.087,0.096,5.265,0.018,0.988,1.000,0.988,1.000,0.988,0.105,1.087,0.097,5.265,0.018,2515.001
1,1,96,10,2,2500000,61141656,0.486,0.972,0.500,0.506,0.987,0.999,1.000,0.999,1.000,0.999,0.486,0.972,0.500,0.506,0.988,0.015,1.401,0.011,0.986,0.011,0.935,1.000,0.935,1.000,0.935,0.017,1.401,0.012,0.986,0.012,639.132
1,1,96,10,2,3000000,61141657,0.488,0.973,0.502,0.508,0.987,0.999,1.000,0.999,1.000,0.999,0.488,0.973,0.502,0.508,0.988,0.015,1.415,0.010,0.900,0.011,0.942,1.000,0.942,1.000,0.942,0.016,1.415,0.011,0.900,0.012,634.470
1,1,96,10,2,3500000,61141658,0.492,0.968,0.509,0.515,0.987,0.999,1.000,0.999,1.000,0.999,0.493,0.968,0.509,0.515,0.988,0.015,1.505,0.010,0.857,0.012,0.941,1.000,0.941,1.000,0.941,0.016,1.505,0.010,0.857,0.012,606.446
1,1,96,10,2,3800000,61141659,0.489,0.973,0.502,0.509,0.987,0.999,1.000,0.999,1.000,0.999,0.489,0.973,0.503,0.509,0.988,0.017,1.380,0.012,1.076,0.011,0.935,1.000,0.935,1.000,0.935,0.018,1.380,0.013,1.076,0.012,565.536
1,1,96,10,3,1000000,61141660,0.424,0.930,0.456,0.471,0.968,1.000,1.000,1.000,1.000,1.000,0.424,0.930,0.456,0.471,0.969,0.092,1.236,0.075,3.626,0.021,0.989,1.000,0.989,1.000,0.989,0.093,1.236,0.076,3.626,0.021,2967.005
1,1,96,10,3,1500000,61141661,0.416,0.920,0.452,0.465,0.971,1.000,1.000,1.000,1.000,1.000,0.416,0.920,0.452,0.465,0.972,0.099,1.225,0.081,4.600,0.018,0.987,1.000,0.987,1.000,0.987,0.101,1.225,0.082,4.600,0.018,2626.002
1,1,96,10,3,2000000,61141662,0.414,0.961,0.431,0.443,0.973,1.000,1.000,1.000,1.000,1.000,0.414,0.961,0.431,0.443,0.973,0.105,1.127,0.094,5.512,0.017,0.987,1.000,0.987,1.000,0.987,0.107,1.127,0.095,5.512,0.017,2456.801
1,1,96,10,3,2500000,61141664,0.482,0.966,0.499,0.506,0.987,0.999,1.000,0.999,1.000,0.999,0.483,0.966,0.500,0.506,0.988,0.016,1.472,0.011,0.937,0.012,0.940,1.000,0.940,1.000,0.940,0.017,1.472,0.011,0.937,0.012,664.166
1,1,96,10,3,3000000,61141665,0.485,0.974,0.498,0.505,0.986,0.999,1.000,0.999,1.000,0.999,0.485,0.974,0.498,0.505,0.987,0.016,1.420,0.011,0.979,0.012,0.936,1.000,0.936,1.000,0.936,0.017,1.420,0.012,0.979,0.013,586.998
1,1,96,10,3,3500000,61141674,0.483,0.969,0.498,0.505,0.986,0.999,1.000,0.999,1.000,0.999,0.483,0.969,0.499,0.505,0.988,0.017,1.446,0.012,1.062,0.011,0.931,1.000,0.931,1.000,0.931,0.019,1.446,0.013,1.062,0.012,576.020
1,1,96,10,3,3800000,61141675,0.488,0.970,0.503,0.510,0.987,0.999,1.000,0.999,1.000,0.999,0.489,0.970,0.504,0.510,0.988,0.016,1.451,0.011,0.990,0.011,0.933,1.000,0.933,1.000,0.933,0.017,1.451,0.012,0.990,0.012,586.968
1,1,96,15,0,1000000,61141676,,,,,,,,,,,,,,,,,,,,,,,,,,,,,,,
1,1,96,15,0,1500000,61141677,,,,,,,,,,,,,,,,,,,,,,,,,,,,,,,
1,1,96,15,0,2000000,61141678,,,,,,,,,,,,,,,,,,,,,,,,,,,,,,,
1,1,96,15,0,2500000,61141679,0.487,0.969,0.503,0.509,0.987,0.999,1.000,0.999,1.000,0.999,0.488,0.969,0.503,0.509,0.987,0.018,1.379,0.013,1.118,0.012,0.961,1.000,0.961,1.000,0.961,0.019,1.379,0.014,1.118,0.012,1099.717
1,1,96,15,0,3000000,61141680,0.491,0.971,0.506,0.513,0.987,0.999,1.000,0.999,1.000,0.999,0.492,0.971,0.506,0.513,0.987,0.017,1.366,0.012,1.031,0.012,0.965,1.000,0.965,1.000,0.965,0.017,1.366,0.013,1.031,0.012,1044.152
1,1,96,15,0,3500000,61141681,0.487,0.972,0.500,0.507,0.987,0.999,1.000,0.999,1.000,0.999,0.487,0.972,0.501,0.507,0.988,0.017,1.349,0.013,1.063,0.012,0.966,1.000,0.966,1.000,0.966,0.018,1.349,0.013,1.063,0.013,1066.967
1,1,96,15,0,3800000,61141682,0.490,0.973,0.504,0.511,0.986,0.999,1.000,0.999,1.000,0.999,0.491,0.973,0.504,0.511,0.987,0.018,1.279,0.014,1.144,0.012,0.967,1.000,0.967,1.000,0.967,0.019,1.279,0.015,1.144,0.013,1010.637
1,1,96,15,1,1000000,61141683,,,,,,,,,,,,,,,,,,,,,,,,,,,,,,,
1,1,96,15,1,1500000,61141684,,,,,,,,,,,,,,,,,,,,,,,,,,,,,,,
1,1,96,15,1,2000000,61141685,,,,,,,,,,,,,,,,,,,,,,,,,,,,,,,
1,1,96,15,1,2500000,61141686,0.487,0.968,0.503,0.510,0.987,0.999,1.000,0.999,1.000,0.999,0.487,0.968,0.503,0.510,0.987,0.018,1.372,0.013,1.061,0.012,0.966,1.000,0.966,1.000,0.966,0.018,1.372,0.013,1.061,0.013,1130.572
1,1,96,15,1,3000000,61141687,0.486,0.973,0.499,0.506,0.987,0.999,1.000,0.999,1.000,0.999,0.486,0.973,0.500,0.506,0.987,0.018,1.368,0.013,1.080,0.012,0.963,1.000,0.963,1.000,0.963,0.018,1.368,0.013,1.080,0.012,1067.120
1,1,96,15,1,3500000,61141688,0.490,0.972,0.504,0.511,0.987,0.999,1.000,0.999,1.000,0.999,0.490,0.972,0.504,0.511,0.987,0.017,1.349,0.013,1.060,0.012,0.968,1.000,0.968,1.000,0.968,0.018,1.349,0.013,1.060,0.012,1072.443
1,1,96,15,1,3800000,61141689,0.486,0.975,0.499,0.505,0.987,0.999,1.000,0.999,1.000,0.999,0.487,0.975,0.499,0.505,0.988,0.018,1.294,0.014,1.199,0.012,0.961,1.000,0.961,1.000,0.961,0.019,1.294,0.015,1.199,0.012,1019.131
1,1,96,15,2,1000000,61141690,,,,,,,,,,,,,,,,,,,,,,,,,,,,,,,
1,1,96,15,2,1500000,61141691,,,,,,,,,,,,,,,,,,,,,,,,,,,,,,,
1,1,96,15,2,2000000,61141692,,,,,,,,,,,,,,,,,,,,,,,,,,,,,,,
1,1,96,15,2,2500000,61141693,0.488,0.971,0.502,0.509,0.987,0.999,1.000,0.999,1.000,0.999,0.488,0.971,0.502,0.509,0.988,0.017,1.326,0.013,1.113,0.012,0.964,1.000,0.964,1.000,0.964,0.018,1.326,0.014,1.113,0.012,1091.732
1,1,96,15,2,3000000,61141695,0.486,0.959,0.507,0.514,0.986,0.999,1.000,0.999,1.000,0.999,0.486,0.959,0.507,0.514,0.987,0.017,1.390,0.012,0.986,0.013,0.966,1.000,0.966,1.000,0.966,0.018,1.390,0.013,0.986,0.013,1051.478
1,1,96,15,2,3500000,61141696,0.486,0.964,0.504,0.512,0.986,0.999,1.000,0.999,1.000,0.999,0.486,0.964,0.505,0.512,0.987,0.017,1.380,0.013,0.996,0.013,0.967,1.000,0.967,1.000,0.967,0.018,1.380,0.013,0.996,0.013,1037.708
1,1,96,15,2,3800000,61141697,0.489,0.969,0.505,0.512,0.986,0.999,1.000,0.999,1.000,0.999,0.490,0.969,0.505,0.512,0.987,0.018,1.292,0.014,1.141,0.012,0.966,1.000,0.966,1.000,0.966,0.018,1.292,0.014,1.141,0.013,1000.216
1,1,96,15,3,1000000,61141698,,,,,,,,,,,,,,,,,,,,,,,,,,,,,,,
1,1,96,15,3,1500000,61141699,,,,,,,,,,,,,,,,,,,,,,,,,,,,,,,
1,1,96,15,3,2000000,61141701,,,,,,,,,,,,,,,,,,,,,,,,,,,,,,,
1,1,96,15,3,2500000,61141723,0.482,0.971,0.497,0.503,0.987,0.999,1.000,0.999,1.000,0.999,0.482,0.971,0.497,0.503,0.987,0.018,1.340,0.013,1.121,0.012,0.966,1.000,0.966,1.000,0.966,0.019,1.340,0.014,1.121,0.012,1167.088
1,1,96,15,3,3000000,61141724,0.491,0.964,0.509,0.516,0.987,0.999,1.000,0.999,1.000,0.999,0.491,0.964,0.509,0.516,0.987,0.016,1.370,0.012,1.008,0.012,0.967,1.000,0.967,1.000,0.967,0.017,1.370,0.012,1.008,0.012,1110.882
1,1,96,15,3,3500000,61141726,0.489,0.974,0.502,0.509,0.987,0.999,1.000,0.999,1.000,0.999,0.489,0.974,0.502,0.509,0.987,0.018,1.307,0.014,1.168,0.012,0.962,1.000,0.962,1.000,0.962,0.019,1.307,0.015,1.168,0.012,1011.177
1,1,96,15,3,3800000,61141728,0.487,0.974,0.500,0.507,0.986,0.999,1.000,0.999,1.000,0.999,0.487,0.974,0.500,0.507,0.987,0.018,1.313,0.014,1.146,0.012,0.966,1.000,0.966,1.000,0.966,0.019,1.313,0.015,1.146,0.013,1024.458
1,8,12,1,0,1000000,61141729,0.184,0.849,0.216,0.463,0.467,0.457,0.956,0.478,0.998,0.479,0.402,0.888,0.452,0.464,0.974,0.020,0.194,0.102,1.004,0.101,0.077,0.269,0.284,1.010,0.282,0.257,0.720,0.358,0.994,0.360,92.511
1,8,12,1,0,1500000,61141730,0.205,0.855,0.240,0.478,0.503,0.496,0.960,0.516,0.999,0.517,0.414,0.890,0.465,0.479,0.972,0.022,1.044,0.021,0.234,0.088,0.415,0.925,0.448,1.004,0.447,0.052,1.128,0.046,0.234,0.197,75.511
1,8,12,1,0,2000000,61141731,0.223,0.836,0.267,0.544,0.491,0.473,0.940,0.503,0.994,0.506,0.472,0.890,0.530,0.547,0.970,0.024,0.899,0.026,0.561,0.047,0.247,0.831,0.298,1.122,0.265,0.096,1.082,0.088,0.500,0.177,69.274
1,8,12,1,0,2500000,61141732,0.166,0.510,0.325,0.566,0.574,0.365,0.623,0.585,0.998,0.586,0.455,0.819,0.555,0.568,0.978,0.019,0.082,0.233,1.053,0.221,0.090,0.181,0.500,0.999,0.500,0.211,0.452,0.466,1.054,0.443,38.411
1,8,12,1,0,3000000,61141734,0.236,0.864,0.273,0.533,0.512,0.510,0.969,0.527,0.996,0.529,0.462,0.891,0.519,0.535,0.969,0.025,0.907,0.028,0.536,0.052,0.160,0.780,0.205,1.150,0.178,0.157,1.162,0.135,0.466,0.290,33.297
1,8,12,1,0,3500000,61141736,0.183,0.858,0.213,0.541,0.395,0.389,0.967,0.403,0.996,0.404,0.470,0.887,0.530,0.543,0.976,0.020,0.706,0.028,0.724,0.039,0.129,0.690,0.188,1.026,0.183,0.152,1.022,0.149,0.706,0.211,32.891
1,8,12,1,0,3800000,61141737,0.198,0.864,0.229,0.530,0.433,0.427,0.975,0.438,0.986,0.444,0.464,0.886,0.523,0.537,0.974,0.021,0.922,0.023,0.482,0.048,0.157,0.781,0.202,1.134,0.178,0.134,1.180,0.114,0.425,0.267,32.187
1,8,12,1,1,1000000,61141738,0.175,0.847,0.207,0.516,0.401,0.391,0.954,0.410,0.997,0.411,0.448,0.888,0.504,0.517,0.975,0.019,1.061,0.018,0.344,0.052,0.283,0.898,0.315,1.001,0.315,0.067,1.181,0.056,0.344,0.164,92.033
1,8,12,1,1,1500000,61141739,0.172,0.865,0.198,0.476,0.417,0.409,0.960,0.426,0.999,0.427,0.419,0.901,0.466,0.477,0.977,0.019,1.007,0.018,0.275,0.067,0.351,0.875,0.401,1.006,0.399,0.053,1.151,0.046,0.274,0.168,74.129
1,8,12,1,1,2000000,61141741,0.097,0.855,0.113,0.492,0.230,0.217,0.956,0.227,0.975,0.233,0.446,0.895,0.498,0.504,0.987,0.011,0.914,0.012,0.307,0.040,0.143,0.818,0.175,0.970,0.180,0.079,1.117,0.071,0.317,0.224,70.391
1,8,12,1,1,2500000,61141742,0.205,0.848,0.242,0.536,0.452,0.441,0.958,0.461,0.992,0.464,0.465,0.885,0.525,0.540,0.972,0.021,1.008,0.021,0.458,0.046,0.195,0.891,0.219,1.090,0.201,0.108,1.132,0.095,0.420,0.227,37.325
1,8,12,1,1,3000000,61141745,0.179,0.850,0.211,0.534,0.394,0.384,0.956,0.401,0.996,0.403,0.466,0.889,0.525,0.537,0.977,0.019,0.879,0.022,0.568,0.039,0.130,0.771,0.168,1.042,0.162,0.149,1.141,0.131,0.545,0.240,33.335
1,8,12,1,1,3500000,61141746,0.152,0.813,0.188,0.473,0.397,0.368,0.918,0.402,0.993,0.404,0.414,0.886,0.467,0.476,0.981,0.018,0.191,0.094,1.033,0.091,0.059,0.265,0.222,1.003,0.221,0.303,0.719,0.422,1.031,0.409,33.127
1,8,12,1,1,3800000,61141747,0.196,0.853,0.230,0.532,0.432,0.421,0.958,0.439,0.990,0.443,0.466,0.890,0.524,0.537,0.975,0.021,0.971,0.022,0.478,0.045,0.096,0.865,0.111,1.029,0.108,0.219,1.123,0.195,0.464,0.420,29.883
1,8,12,1,2,1000000,61141748,0.150,0.855,0.175,0.475,0.369,0.363,0.963,0.377,0.999,0.377,0.414,0.888,0.466,0.476,0.979,0.016,0.955,0.017,0.259,0.065,0.272,0.862,0.315,0.999,0.315,0.059,1.108,0.053,0.259,0.205,91.728
1,8,12,1,2,1500000,61141749,0.229,0.836,0.274,0.470,0.583,0.563,0.944,0.596,0.992,0.601,0.407,0.885,0.459,0.474,0.969,0.024,0.968,0.025,0.211,0.119,0.399,0.898,0.444,1.004,0.442,0.061,1.078,0.057,0.210,0.270,74.335
1,8,12,1,2,2000000,61141750,0.202,0.851,0.238,0.537,0.442,0.436,0.962,0.453,0.997,0.455,0.463,0.885,0.524,0.539,0.972,0.022,0.914,0.024,0.504,0.047,0.290,0.828,0.350,1.007,0.348,0.074,1.104,0.067,0.500,0.135,69.443
1,8,12,1,2,2500000,61141751,0.150,0.857,0.175,0.461,0.380,0.369,0.966,0.381,0.984,0.388,0.407,0.887,0.459,0.468,0.980,0.016,0.189,0.086,1.046,0.082,0.054,0.276,0.197,1.037,0.190,0.298,0.685,0.434,1.009,0.431,38.829
1,8,12,1,2,3000000,61141752,0.216,0.851,0.254,0.541,0.468,0.463,0.963,0.481,0.998,0.482,0.465,0.883,0.527,0.542,0.972,0.023,1.002,0.023,0.527,0.043,0.106,0.851,0.124,1.251,0.099,0.213,1.177,0.181,0.421,0.430,32.100
1,8,12,1,2,3500000,61141753,0.213,0.859,0.248,0.529,0.468,0.455,0.958,0.475,0.988,0.481,0.467,0.897,0.521,0.535,0.973,0.023,0.845,0.027,0.539,0.050,0.109,0.791,0.138,0.952,0.145,0.208,1.069,0.195,0.567,0.343,31.124
1,8,12,1,2,3800000,61141754,0.175,0.580,0.302,0.587,0.514,0.360,0.688,0.522,0.993,0.526,0.487,0.843,0.578,0.591,0.978,0.021,0.123,0.171,1.038,0.165,0.083,0.214,0.388,1.035,0.375,0.253,0.574,0.441,1.002,0.440,30.980
1,8,12,1,3,1000000,61141758,0.145,0.855,0.169,0.541,0.313,0.307,0.964,0.318,0.996,0.319,0.472,0.887,0.532,0.543,0.979,0.015,1.008,0.015,0.491,0.031,0.145,0.907,0.159,1.082,0.147,0.106,1.111,0.095,0.454,0.210,94.887
1,8,12,1,3,1500000,61141771,0.181,0.783,0.231,0.511,0.453,0.407,0.886,0.460,0.991,0.464,0.444,0.884,0.503,0.515,0.975,0.020,0.198,0.101,1.055,0.096,0.077,0.276,0.277,1.003,0.277,0.260,0.716,0.364,1.052,0.346,75.143
1,8,12,1,3,2000000,61141772,0.172,0.720,0.238,0.519,0.459,0.382,0.833,0.459,0.977,0.470,0.449,0.865,0.519,0.531,0.977,0.019,0.166,0.116,0.970,0.119,0.050,0.252,0.199,0.969,0.206,0.381,0.657,0.580,1.000,0.579,67.120
1,8,12,1,3,2500000,61141773,0.222,0.845,0.263,0.541,0.486,0.476,0.958,0.497,0.992,0.501,0.467,0.882,0.529,0.545,0.970,0.022,0.944,0.024,0.470,0.050,0.168,0.833,0.201,1.041,0.193,0.133,1.134,0.118,0.452,0.261,35.110
1,8,12,1,3,3000000,61141782,0.181,0.839,0.216,0.477,0.452,0.438,0.950,0.461,0.995,0.463,0.413,0.883,0.468,0.479,0.976,0.020,0.211,0.097,1.022,0.095,0.059,0.287,0.206,1.025,0.201,0.344,0.735,0.469,0.997,0.470,35.796
1,8,12,1,3,3500000,61141793,0.197,0.866,0.228,0.534,0.426,0.424,0.974,0.435,0.996,0.437,0.465,0.889,0.523,0.536,0.976,0.022,0.960,0.022,0.502,0.045,0.076,0.832,0.091,1.059,0.086,0.284,1.155,0.246,0.475,0.519,29.888
1,8,12,1,3,3800000,61141804,0.229,0.851,0.269,0.525,0.512,0.497,0.954,0.521,0.987,0.527,0.460,0.892,0.516,0.532,0.970,0.025,0.998,0.025,0.443,0.056,0.124,0.824,0.151,1.262,0.120,0.197,1.211,0.163,0.351,0.464,30.245
1,8,12,5,0,1000000,61141815,0.408,0.850,0.481,0.536,0.896,0.904,0.956,0.945,0.995,0.950,0.452,0.889,0.508,0.539,0.943,0.037,1.051,0.036,0.454,0.078,0.562,0.956,0.587,0.985,0.596,0.067,1.099,0.061,0.461,0.131,335.967
1,8,12,5,0,1500000,61141827,0.410,0.829,0.495,0.543,0.912,0.888,0.927,0.957,0.992,0.965,0.462,0.894,0.517,0.547,0.945,0.037,1.022,0.036,0.479,0.076,0.576,0.931,0.619,1.012,0.612,0.065,1.098,0.059,0.474,0.124,282.017
1,8,12,5,0,2000000,61141867,0.413,0.842,0.490,0.543,0.903,0.894,0.941,0.950,0.997,0.953,0.462,0.894,0.516,0.545,0.947,0.037,1.003,0.037,0.522,0.071,0.486,0.909,0.535,1.102,0.485,0.077,1.103,0.069,0.474,0.147,261.234
1,8,12,5,0,2500000,61141898,0.404,0.850,0.475,0.535,0.889,0.888,0.958,0.927,0.989,0.937,0.455,0.887,0.512,0.540,0.948,0.036,1.004,0.036,0.482,0.074,0.465,0.907,0.513,1.002,0.512,0.077,1.107,0.069,0.481,0.144,132.372
1,8,12,5,0,3000000,61141918,0.403,0.832,0.485,0.544,0.891,0.876,0.941,0.931,0.992,0.938,0.461,0.884,0.521,0.548,0.950,0.036,0.980,0.037,0.511,0.072,0.407,0.880,0.463,0.997,0.464,0.089,1.113,0.080,0.513,0.155,122.180
1,8,12,5,0,3500000,61141930,0.413,0.836,0.494,0.545,0.906,0.895,0.944,0.948,0.993,0.954,0.462,0.886,0.522,0.549,0.950,0.037,1.018,0.036,0.514,0.071,0.442,0.902,0.489,1.018,0.481,0.084,1.129,0.074,0.505,0.147,117.628
1,8,12,5,0,3800000,61141943,0.410,0.832,0.493,0.544,0.905,0.886,0.938,0.944,0.991,0.953,0.463,0.887,0.522,0.549,0.950,0.037,1.002,0.037,0.499,0.073,0.406,0.900,0.452,1.006,0.449,0.090,1.114,0.081,0.496,0.163,118.652
1,8,12,5,1,1000000,61141955,0.406,0.844,0.481,0.541,0.888,0.898,0.958,0.938,0.997,0.941,0.452,0.882,0.512,0.543,0.944,0.037,1.050,0.035,0.470,0.075,0.533,0.958,0.557,0.986,0.564,0.070,1.097,0.063,0.477,0.133,332.709
1,8,12,5,1,1500000,61141967,0.414,0.850,0.486,0.535,0.909,0.905,0.949,0.954,0.992,0.961,0.457,0.896,0.510,0.539,0.945,0.037,1.003,0.037,0.503,0.074,0.580,0.917,0.632,1.049,0.603,0.064,1.094,0.059,0.480,0.123,284.713
1,8,12,5,1,2000000,61141978,0.418,0.847,0.493,0.542,0.909,0.907,0.947,0.958,0.997,0.961,0.460,0.894,0.515,0.544,0.947,0.038,1.003,0.038,0.529,0.071,0.652,0.908,0.717,1.101,0.652,0.058,1.105,0.052,0.480,0.109,258.001
1,8,12,5,1,2500000,61141987,0.404,0.856,0.471,0.530,0.890,0.893,0.963,0.927,0.987,0.940,0.452,0.889,0.509,0.537,0.947,0.036,0.991,0.036,0.464,0.078,0.488,0.888,0.549,1.012,0.543,0.074,1.116,0.066,0.458,0.144,132.407
1,8,12,5,1,3000000,61141988,0.404,0.851,0.475,0.534,0.888,0.879,0.957,0.919,0.984,0.934,0.459,0.889,0.516,0.543,0.951,0.036,1.000,0.036,0.481,0.076,0.455,0.902,0.504,1.028,0.490,0.080,1.109,0.072,0.467,0.154,122.228
1,8,12,5,1,3500000,61141989,0.411,0.840,0.490,0.536,0.914,0.895,0.942,0.951,0.988,0.963,0.459,0.892,0.515,0.543,0.949,0.037,1.040,0.036,0.474,0.075,0.467,0.924,0.505,1.007,0.502,0.079,1.125,0.070,0.471,0.149,119.200
1,8,12,5,1,3800000,61141991,0.415,0.833,0.498,0.543,0.917,0.900,0.938,0.960,0.994,0.966,0.461,0.888,0.519,0.547,0.949,0.037,1.036,0.036,0.490,0.073,0.433,0.926,0.467,1.003,0.466,0.085,1.119,0.076,0.488,0.156,118.243
1,8,12,5,2,1000000,61141992,0.409,0.851,0.481,0.531,0.906,0.909,0.952,0.954,0.992,0.962,0.450,0.893,0.504,0.535,0.942,0.037,1.053,0.035,0.453,0.078,0.608,0.956,0.636,0.998,0.638,0.061,1.102,0.056,0.454,0.123,334.104
1,8,12,5,2,1500000,61141993,0.414,0.836,0.495,0.539,0.917,0.902,0.934,0.965,0.995,0.970,0.459,0.895,0.513,0.542,0.945,0.037,1.046,0.036,0.487,0.073,0.586,0.951,0.616,1.010,0.610,0.064,1.099,0.058,0.482,0.120,284.747
1,8,12,5,2,2000000,61141996,0.419,0.844,0.497,0.541,0.919,0.913,0.943,0.968,0.995,0.972,0.459,0.894,0.514,0.544,0.945,0.038,1.024,0.037,0.511,0.072,0.585,0.932,0.628,1.077,0.584,0.065,1.099,0.059,0.474,0.124,255.162
1,8,12,5,2,2500000,61142002,0.407,0.835,0.488,0.540,0.904,0.893,0.942,0.948,0.993,0.955,0.457,0.887,0.515,0.544,0.946,0.036,1.052,0.034,0.463,0.074,0.529,0.951,0.557,1.007,0.553,0.068,1.107,0.061,0.459,0.134,128.936
1,8,12,5,2,3000000,61142003,0.407,0.833,0.488,0.543,0.898,0.884,0.939,0.942,0.995,0.946,0.460,0.888,0.518,0.546,0.949,0.036,1.038,0.035,0.487,0.072,0.438,0.927,0.473,1.030,0.459,0.083,1.119,0.074,0.473,0.157,118.054
1,8,12,5,2,3500000,61142004,0.408,0.830,0.491,0.540,0.909,0.881,0.934,0.943,0.985,0.957,0.463,0.889,0.521,0.548,0.950,0.037,1.048,0.035,0.464,0.075,0.448,0.932,0.480,1.021,0.470,0.082,1.124,0.073,0.454,0.161,115.400
1,8,12,5,2,3800000,61142005,0.414,0.837,0.494,0.538,0.918,0.899,0.938,0.959,0.990,0.968,0.460,0.892,0.516,0.544,0.948,0.037,1.039,0.036,0.491,0.073,0.440,0.928,0.474,0.998,0.475,0.084,1.121,0.075,0.492,0.153,116.378
1,8,12,5,3,1000000,61142006,0.410,0.853,0.480,0.537,0.894,0.905,0.960,0.943,0.994,0.949,0.453,0.889,0.509,0.540,0.942,0.037,1.058,0.035,0.452,0.078,0.672,0.962,0.698,0.978,0.714,0.056,1.099,0.051,0.463,0.110,330.370
1,8,12,5,3,1500000,61142007,0.416,0.847,0.491,0.538,0.913,0.906,0.940,0.963,0.997,0.966,0.459,0.900,0.510,0.540,0.944,0.037,1.043,0.036,0.501,0.072,0.577,0.945,0.611,1.062,0.575,0.065,1.104,0.059,0.472,0.125,284.416
1,8,12,5,3,2000000,61142008,0.409,0.840,0.487,0.540,0.901,0.888,0.941,0.943,0.990,0.952,0.461,0.893,0.516,0.545,0.946,0.037,1.011,0.037,0.497,0.074,0.490,0.917,0.534,1.041,0.513,0.076,1.103,0.069,0.478,0.144,260.941
1,8,12,5,3,2500000,61142009,0.410,0.851,0.482,0.535,0.900,0.906,0.960,0.943,0.992,0.951,0.453,0.886,0.511,0.540,0.946,0.036,1.032,0.035,0.475,0.074,0.504,0.934,0.539,1.025,0.526,0.072,1.104,0.065,0.463,0.141,131.335
1,8,12,5,3,3000000,61142010,0.413,0.850,0.485,0.539,0.901,0.904,0.956,0.946,0.996,0.950,0.457,0.890,0.513,0.541,0.948,0.037,1.027,0.036,0.502,0.072,0.445,0.917,0.485,1.010,0.480,0.083,1.119,0.075,0.497,0.150,119.847
1,8,12,5,3,3500000,61142011,0.410,0.845,0.485,0.539,0.900,0.893,0.951,0.938,0.990,0.948,0.459,0.888,0.517,0.545,0.949,0.037,1.021,0.036,0.501,0.072,0.414,0.915,0.452,1.004,0.451,0.089,1.115,0.080,0.499,0.159,118.277
1,8,12,5,3,3800000,61142012,0.412,0.850,0.484,0.537,0.902,0.901,0.956,0.943,0.991,0.951,0.457,0.890,0.513,0.542,0.948,0.037,1.034,0.036,0.489,0.073,0.467,0.923,0.505,1.005,0.503,0.080,1.119,0.071,0.487,0.146,116.057
1,8,12,10,0,1000000,61142013,0.412,0.846,0.488,0.534,0.913,0.913,0.949,0.962,0.993,0.969,0.452,0.891,0.507,0.538,0.942,0.040,1.031,0.039,0.488,0.081,0.497,0.945,0.526,0.983,0.535,0.081,1.091,0.075,0.496,0.150,727.039
1,8,12,10,0,1500000,61142014,0.418,0.846,0.494,0.537,0.920,0.908,0.939,0.968,0.994,0.974,0.460,0.902,0.510,0.540,0.944,0.040,1.029,0.039,0.510,0.077,0.519,0.944,0.550,0.989,0.556,0.078,1.090,0.072,0.515,0.139,617.899
1,8,12,10,0,2000000,61142015,0.412,0.837,0.492,0.542,0.908,0.894,0.939,0.952,0.994,0.958,0.460,0.892,0.516,0.545,0.948,0.040,0.965,0.041,0.535,0.077,0.438,0.887,0.494,1.027,0.481,0.091,1.088,0.083,0.521,0.160,558.496
1,8,12,10,0,2500000,61142016,0.412,0.836,0.492,0.543,0.907,0.903,0.947,0.954,0.995,0.958,0.456,0.883,0.516,0.545,0.946,0.040,0.995,0.040,0.524,0.076,0.459,0.910,0.505,1.016,0.497,0.087,1.093,0.079,0.516,0.154,284.425
1,8,12,10,0,3000000,61142017,0.415,0.830,0.500,0.544,0.920,0.906,0.941,0.963,0.993,0.969,0.458,0.883,0.519,0.547,0.949,0.041,0.993,0.041,0.554,0.074,0.407,0.902,0.451,1.007,0.448,0.100,1.101,0.091,0.550,0.166,261.467
1,8,12,10,0,3500000,61142018,0.417,0.841,0.495,0.540,0.917,0.906,0.945,0.959,0.992,0.967,0.460,0.891,0.516,0.545,0.948,0.041,1.030,0.040,0.538,0.074,0.447,0.933,0.480,1.015,0.473,0.092,1.105,0.084,0.531,0.158,256.509
1,8,12,10,0,3800000,61142019,0.415,0.834,0.498,0.542,0.918,0.899,0.939,0.958,0.990,0.968,0.462,0.888,0.520,0.548,0.949,0.041,0.980,0.042,0.551,0.076,0.415,0.891,0.465,0.998,0.467,0.099,1.100,0.090,0.552,0.163,259.145
1,8,12,10,1,1000000,61142020,0.414,0.852,0.486,0.533,0.911,0.921,0.958,0.961,0.993,0.968,0.450,0.890,0.506,0.537,0.942,0.041,1.033,0.039,0.484,0.081,0.527,0.949,0.556,0.996,0.558,0.077,1.088,0.071,0.486,0.146,721.194
1,8,12,10,1,1500000,61142021,0.414,0.829,0.499,0.544,0.919,0.896,0.925,0.969,0.997,0.972,0.462,0.897,0.515,0.545,0.945,0.040,1.022,0.039,0.531,0.074,0.430,0.937,0.458,1.025,0.447,0.093,1.090,0.086,0.518,0.165,612.981
1,8,12,10,1,2000000,61142022,0.419,0.839,0.500,0.544,0.918,0.908,0.940,0.966,0.995,0.971,0.462,0.892,0.517,0.547,0.946,0.041,0.996,0.041,0.555,0.074,0.525,0.914,0.574,1.097,0.523,0.078,1.090,0.071,0.506,0.141,559.718
1,8,12,10,1,2500000,61142023,0.414,0.847,0.489,0.538,0.909,0.908,0.953,0.953,0.992,0.960,0.456,0.888,0.514,0.542,0.947,0.040,1.010,0.040,0.532,0.074,0.456,0.916,0.498,1.021,0.488,0.088,1.103,0.080,0.521,0.153,281.184
1,8,12,10,1,3000000,61142031,0.419,0.834,0.503,0.545,0.922,0.909,0.939,0.967,0.994,0.973,0.462,0.888,0.520,0.549,0.947,0.041,1.029,0.040,0.548,0.073,0.461,0.934,0.494,1.031,0.479,0.089,1.102,0.081,0.531,0.153,258.537
1,8,12,10,1,3500000,61142032,0.416,0.842,0.494,0.541,0.912,0.901,0.946,0.952,0.991,0.961,0.462,0.890,0.518,0.546,0.949,0.041,0.996,0.041,0.557,0.074,0.405,0.903,0.448,1.016,0.441,0.102,1.102,0.093,0.548,0.169,256.467
1,8,12,10,1,3800000,61142033,0.417,0.841,0.495,0.541,0.916,0.905,0.943,0.959,0.992,0.966,0.461,0.892,0.516,0.545,0.948,0.041,0.976,0.042,0.562,0.075,0.432,0.888,0.486,1.029,0.473,0.095,1.098,0.087,0.546,0.159,256.125
1,8,12,10,2,1000000,61142034,0.413,0.849,0.487,0.537,0.906,0.924,0.962,0.960,0.997,0.963,0.447,0.883,0.507,0.539,0.941,0.041,1.035,0.039,0.486,0.081,0.548,0.945,0.580,1.016,0.571,0.074,1.095,0.068,0.478,0.142,713.530
1,8,12,10,2,1500000,61142035,0.415,0.855,0.486,0.533,0.912,0.918,0.956,0.960,0.993,0.967,0.452,0.894,0.506,0.537,0.943,0.040,1.018,0.040,0.520,0.076,0.492,0.934,0.527,1.017,0.518,0.082,1.091,0.075,0.511,0.148,601.983
1,8,12,10,2,2000000,61142036,0.417,0.842,0.495,0.542,0.913,0.907,0.943,0.961,0.994,0.967,0.460,0.893,0.515,0.545,0.944,0.041,0.990,0.041,0.551,0.074,0.477,0.912,0.523,1.068,0.490,0.085,1.086,0.078,0.516,0.152,558.363
1,8,12,10,2,2500000,61142037,0.416,0.855,0.487,0.534,0.911,0.919,0.961,0.956,0.993,0.963,0.453,0.890,0.509,0.538,0.946,0.040,1.025,0.039,0.520,0.076,0.502,0.933,0.538,1.003,0.536,0.080,1.098,0.073,0.518,0.141,277.468
1,8,12,10,2,3000000,61142038,0.418,0.828,0.505,0.547,0.922,0.906,0.939,0.965,0.991,0.974,0.461,0.881,0.523,0.553,0.947,0.041,1.001,0.041,0.535,0.077,0.505,0.908,0.556,1.031,0.539,0.081,1.102,0.074,0.519,0.142,261.126
1,8,12,10,2,3500000,61142039,0.419,0.855,0.490,0.536,0.914,0.914,0.958,0.954,0.989,0.964,0.458,0.892,0.514,0.542,0.947,0.042,1.005,0.041,0.547,0.076,0.464,0.906,0.512,1.022,0.502,0.090,1.110,0.081,0.536,0.151,251.071
1,8,12,10,2,3800000,61142041,0.414,0.841,0.492,0.540,0.912,0.907,0.947,0.957,0.994,0.963,0.457,0.888,0.515,0.543,0.948,0.041,1.010,0.041,0.510,0.080,0.500,0.920,0.544,1.021,0.532,0.082,1.097,0.075,0.500,0.150,253.742
1,8,12,10,3,1000000,61142042,0.414,0.852,0.486,0.536,0.907,0.925,0.961,0.962,0.996,0.966,0.448,0.886,0.505,0.538,0.939,0.041,1.035,0.039,0.487,0.081,0.554,0.949,0.584,0.999,0.585,0.074,1.091,0.068,0.487,0.139,704.189
1,8,12,10,3,1500000,61142043,0.422,0.864,0.489,0.536,0.911,0.931,0.966,0.964,0.995,0.969,0.454,0.894,0.507,0.539,0.941,0.041,1.035,0.040,0.512,0.078,0.559,0.948,0.590,1.029,0.573,0.074,1.093,0.068,0.498,0.136,595.623
1,8,12,10,3,2000000,61142044,0.417,0.845,0.493,0.540,0.912,0.908,0.948,0.958,0.992,0.966,0.459,0.892,0.515,0.545,0.945,0.041,0.993,0.041,0.501,0.082,0.494,0.908,0.544,0.993,0.548,0.082,1.094,0.075,0.505,0.149,560.954
1,8,12,10,3,2500000,61142045,0.426,0.883,0.482,0.528,0.914,0.937,0.978,0.958,0.990,0.967,0.455,0.903,0.503,0.533,0.944,0.041,1.039,0.040,0.526,0.075,0.573,0.943,0.608,1.001,0.608,0.072,1.102,0.065,0.526,0.124,269.075
1,8,12,10,3,3000000,61142046,0.419,0.859,0.488,0.537,0.909,0.922,0.966,0.954,0.991,0.962,0.455,0.888,0.512,0.542,0.945,0.042,1.030,0.041,0.540,0.075,0.494,0.931,0.531,1.016,0.522,0.084,1.106,0.076,0.531,0.144,257.192
1,8,12,10,3,3500000,61142047,0.419,0.849,0.493,0.541,0.912,0.912,0.955,0.955,0.991,0.964,0.459,0.889,0.517,0.546,0.946,0.042,0.995,0.042,0.567,0.074,0.449,0.902,0.498,1.003,0.496,0.093,1.104,0.084,0.565,0.150,249.273
1,8,12,10,3,3800000,61142049,0.421,0.844,0.499,0.540,0.925,0.916,0.946,0.969,0.991,0.978,0.460,0.892,0.515,0.545,0.946,0.042,1.033,0.041,0.541,0.076,0.508,0.934,0.544,1.015,0.536,0.083,1.106,0.075,0.533,0.141,249.981
1,8,12,15,0,1000000,61142054,0.422,0.856,0.493,0.539,0.914,0.929,0.965,0.963,0.990,0.973,0.454,0.887,0.512,0.545,0.939,0.043,1.056,0.041,0.502,0.081,0.648,0.967,0.670,1.017,0.659,0.066,1.092,0.061,0.494,0.123,1124.314
1,8,12,15,0,1500000,61142061,0.422,0.848,0.498,0.540,0.922,0.918,0.943,0.974,0.996,0.978,0.460,0.899,0.511,0.543,0.943,0.043,1.036,0.041,0.547,0.075,0.554,0.953,0.581,1.021,0.570,0.077,1.087,0.071,0.536,0.132,967.930
1,8,12,15,0,2000000,61142073,0.429,0.848,0.506,0.548,0.922,0.923,0.950,0.973,0.994,0.978,0.465,0.893,0.520,0.552,0.943,0.043,1.026,0.042,0.567,0.075,0.638,0.945,0.675,1.073,0.629,0.068,1.086,0.063,0.529,0.119,871.569
1,8,12,15,0,2500000,61142075,0.425,0.863,0.492,0.540,0.911,0.932,0.973,0.958,0.991,0.966,0.456,0.887,0.514,0.545,0.943,0.042,1.031,0.041,0.538,0.077,0.575,0.936,0.614,1.031,0.596,0.074,1.102,0.067,0.522,0.129,432.999
1,8,12,15,0,3000000,61142078,0.424,0.846,0.501,0.543,0.924,0.929,0.957,0.971,0.993,0.977,0.457,0.884,0.516,0.546,0.945,0.044,1.037,0.042,0.557,0.075,0.505,0.936,0.539,1.029,0.524,0.086,1.109,0.078,0.542,0.144,405.965
1,8,12,15,0,3500000,61142079,0.427,0.855,0.499,0.543,0.919,0.929,0.961,0.966,0.994,0.972,0.459,0.889,0.517,0.546,0.946,0.044,1.040,0.043,0.573,0.074,0.516,0.938,0.551,1.031,0.534,0.086,1.109,0.077,0.556,0.139,399.468
1,8,12,15,0,3800000,61142080,0.424,0.850,0.498,0.545,0.915,0.922,0.961,0.959,0.992,0.968,0.460,0.885,0.519,0.549,0.946,0.044,1.048,0.042,0.557,0.075,0.495,0.944,0.524,1.022,0.513,0.089,1.111,0.080,0.545,0.147,397.879
1,8,12,15,1,1000000,61142081,0.420,0.847,0.496,0.544,0.913,0.928,0.960,0.966,0.994,0.973,0.453,0.882,0.514,0.547,0.939,0.043,1.056,0.041,0.515,0.080,0.605,0.965,0.627,0.989,0.634,0.072,1.095,0.065,0.520,0.126,1132.602
1,8,12,15,1,1500000,61142082,0.425,0.861,0.493,0.536,0.920,0.932,0.958,0.974,0.996,0.978,0.455,0.899,0.506,0.538,0.941,0.044,1.037,0.042,0.550,0.077,0.606,0.955,0.635,1.032,0.615,0.072,1.086,0.066,0.532,0.125,965.306
1,8,12,15,1,2000000,61142083,0.422,0.857,0.492,0.541,0.910,0.919,0.958,0.959,0.994,0.965,0.459,0.894,0.513,0.544,0.943,0.044,0.997,0.044,0.578,0.076,0.560,0.913,0.613,1.062,0.577,0.078,1.092,0.071,0.544,0.131,864.878
1,8,12,15,1,2500000,61142084,0.421,0.850,0.495,0.543,0.911,0.919,0.960,0.957,0.990,0.966,0.458,0.885,0.517,0.548,0.943,0.043,1.003,0.042,0.549,0.077,0.511,0.910,0.562,1.015,0.553,0.083,1.102,0.075,0.541,0.139,440.728
1,8,12,15,1,3000000,61142085,0.423,0.842,0.502,0.547,0.919,0.918,0.952,0.964,0.991,0.972,0.461,0.884,0.521,0.552,0.945,0.044,1.010,0.043,0.576,0.075,0.486,0.913,0.533,1.011,0.527,0.090,1.106,0.081,0.569,0.143,411.095
1,8,12,15,1,3500000,61142086,0.424,0.849,0.499,0.542,0.921,0.925,0.958,0.966,0.991,0.974,0.458,0.887,0.517,0.547,0.945,0.044,1.021,0.043,0.573,0.076,0.509,0.928,0.549,1.021,0.538,0.087,1.101,0.079,0.561,0.141,398.296
1,8,12,15,1,3800000,61142087,0.426,0.847,0.503,0.548,0.917,0.918,0.955,0.961,0.991,0.970,0.464,0.887,0.523,0.553,0.946,0.045,1.008,0.044,0.596,0.074,0.489,0.914,0.535,1.020,0.525,0.091,1.104,0.083,0.584,0.142,392.775
1,8,12,15,2,1000000,61142088,0.423,0.856,0.494,0.539,0.916,0.932,0.961,0.970,0.993,0.976,0.454,0.891,0.509,0.542,0.938,0.043,1.054,0.041,0.506,0.081,0.630,0.968,0.651,1.003,0.649,0.069,1.088,0.063,0.505,0.125,1123.614
1,8,12,15,2,1500000,61142089,0.426,0.852,0.500,0.544,0.919,0.932,0.961,0.969,0.993,0.976,0.457,0.886,0.516,0.548,0.941,0.044,1.030,0.042,0.549,0.077,0.599,0.951,0.630,1.017,0.619,0.073,1.083,0.067,0.540,0.124,945.914
1,8,12,15,2,2000000,61142090,0.419,0.855,0.490,0.538,0.911,0.920,0.960,0.959,0.994,0.965,0.456,0.891,0.511,0.541,0.944,0.043,0.977,0.044,0.542,0.081,0.542,0.903,0.600,1.002,0.599,0.079,1.081,0.073,0.542,0.135,875.111
1,8,12,15,2,2500000,61142092,0.419,0.856,0.489,0.537,0.912,0.927,0.967,0.959,0.992,0.966,0.452,0.886,0.510,0.541,0.944,0.042,1.019,0.041,0.525,0.079,0.502,0.926,0.542,0.993,0.546,0.084,1.100,0.076,0.529,0.144,443.193
1,8,12,15,2,3000000,61142094,0.420,0.847,0.496,0.545,0.911,0.914,0.955,0.957,0.992,0.964,0.460,0.887,0.519,0.549,0.945,0.043,1.017,0.043,0.565,0.076,0.476,0.916,0.520,1.010,0.515,0.091,1.111,0.082,0.559,0.147,403.342
1,8,12,15,2,3500000,61142095,0.427,0.841,0.507,0.548,0.926,0.922,0.948,0.973,0.993,0.980,0.463,0.887,0.522,0.552,0.945,0.044,1.061,0.042,0.540,0.077,0.516,0.957,0.539,1.029,0.524,0.085,1.109,0.077,0.525,0.147,392.929
1,8,12,15,2,3800000,61142096,0.425,0.863,0.492,0.534,0.921,0.937,0.968,0.969,0.995,0.974,0.453,0.892,0.508,0.537,0.945,0.044,1.037,0.043,0.562,0.076,0.509,0.939,0.542,1.022,0.530,0.087,1.104,0.079,0.550,0.143,393.582
1,8,12,15,3,1000000,61142102,0.422,0.867,0.487,0.536,0.907,0.941,0.979,0.961,0.992,0.969,0.448,0.885,0.506,0.541,0.937,0.044,1.062,0.042,0.515,0.081,0.657,0.966,0.680,0.989,0.688,0.067,1.099,0.061,0.521,0.118,1095.780
1,8,12,15,3,1500000,61142106,0.427,0.850,0.502,0.545,0.921,0.924,0.949,0.973,0.994,0.979,0.462,0.896,0.516,0.549,0.941,0.044,1.061,0.042,0.538,0.078,0.617,0.967,0.638,1.014,0.629,0.072,1.097,0.066,0.531,0.124,939.461
1,8,12,15,3,2000000,61142107,0.419,0.857,0.490,0.540,0.906,0.924,0.966,0.956,0.994,0.962,0.454,0.887,0.512,0.543,0.942,0.044,1.028,0.043,0.525,0.082,0.586,0.939,0.624,0.997,0.627,0.075,1.095,0.069,0.527,0.130,869.913
1,8,12,15,3,2500000,61142108,0.418,0.856,0.488,0.536,0.911,0.923,0.964,0.957,0.991,0.966,0.453,0.888,0.510,0.541,0.943,0.043,1.024,0.042,0.550,0.076,0.519,0.928,0.559,1.018,0.549,0.083,1.103,0.075,0.540,0.139,434.841
1,8,12,15,3,3000000,61142109,0.420,0.859,0.488,0.536,0.911,0.924,0.967,0.956,0.992,0.964,0.454,0.889,0.511,0.540,0.945,0.044,1.018,0.043,0.583,0.074,0.461,0.918,0.502,1.029,0.488,0.095,1.109,0.086,0.567,0.151,408.922
1,8,12,15,3,3500000,61142110,0.424,0.858,0.494,0.541,0.912,0.923,0.964,0.957,0.991,0.966,0.459,0.890,0.516,0.546,0.945,0.045,1.054,0.043,0.571,0.075,0.521,0.952,0.548,1.019,0.537,0.087,1.107,0.078,0.560,0.140,399.655
1,8,12,15,3,3800000,61142111,0.424,0.848,0.500,0.545,0.918,0.928,0.960,0.967,0.995,0.971,0.457,0.883,0.518,0.548,0.945,0.045,1.056,0.043,0.559,0.077,0.518,0.949,0.546,1.010,0.540,0.087,1.112,0.078,0.553,0.142,388.770
1,27,3,1,0,1000000,61142129,0.160,0.738,0.216,0.522,0.415,0.429,0.959,0.447,0.994,0.449,0.373,0.770,0.484,0.524,0.923,0.062,0.635,0.097,0.983,0.099,0.085,0.462,0.184,1.142,0.161,0.723,1.375,0.526,0.860,0.611,149.490
1,27,3,1,0,1500000,61142130,0.141,0.725,0.194,0.570,0.340,0.341,0.959,0.356,0.978,0.364,0.412,0.756,0.545,0.583,0.934,0.055,0.600,0.091,0.983,0.093,0.090,0.462,0.196,1.061,0.185,0.604,1.301,0.464,0.927,0.501,122.976
1,27,3,1,0,2000000,61142131,0.140,0.718,0.195,0.572,0.340,0.321,0.952,0.337,0.927,0.364,0.435,0.754,0.577,0.617,0.935,0.053,1.304,0.041,0.419,0.097,0.252,0.879,0.287,0.962,0.298,0.211,1.483,0.142,0.436,0.326,111.952
1,27,3,1,0,2500000,61142132,0.193,0.725,0.266,0.592,0.449,0.465,0.957,0.486,0.988,0.492,0.414,0.757,0.546,0.599,0.912,0.074,0.626,0.118,1.057,0.111,0.189,0.494,0.384,1.108,0.346,0.389,1.268,0.307,0.954,0.321,99.224
1,27,3,1,0,3000000,61142133,0.151,0.721,0.209,0.615,0.340,0.349,0.957,0.365,0.999,0.366,0.431,0.753,0.573,0.616,0.931,0.060,1.365,0.044,0.469,0.093,0.160,0.937,0.171,1.014,0.169,0.372,1.458,0.255,0.462,0.551,94.434
1,27,3,1,0,3500000,61142134,0.226,0.724,0.313,0.594,0.526,0.535,0.940,0.569,0.970,0.586,0.423,0.771,0.549,0.612,0.898,0.087,0.625,0.139,1.100,0.127,0.191,0.484,0.395,1.130,0.349,0.457,1.293,0.353,0.973,0.363,90.978
1,27,3,1,0,3800000,61142135,0.158,0.725,0.217,0.586,0.371,0.376,0.957,0.393,0.984,0.399,0.419,0.757,0.553,0.596,0.928,0.061,0.682,0.090,0.940,0.095,0.153,0.487,0.314,1.045,0.300,0.401,1.401,0.286,0.899,0.318,88.056
1,27,3,1,1,1000000,61142136,0.099,0.734,0.135,0.566,0.238,0.236,0.954,0.248,0.991,0.250,0.419,0.769,0.545,0.571,0.954,0.038,0.964,0.039,0.564,0.069,0.087,0.680,0.128,1.023,0.125,0.431,1.418,0.304,0.552,0.550,150.210
1,27,3,1,1,1500000,61142137,0.157,0.719,0.218,0.612,0.356,0.369,0.963,0.384,0.998,0.384,0.424,0.747,0.568,0.613,0.926,0.060,1.330,0.045,0.455,0.098,0.312,0.929,0.336,1.003,0.335,0.191,1.432,0.133,0.453,0.294,122.759
1,27,3,1,1,2000000,61142138,0.215,0.714,0.302,0.593,0.508,0.526,0.950,0.553,0.980,0.565,0.409,0.751,0.545,0.605,0.900,0.082,0.611,0.135,0.937,0.144,0.121,0.473,0.257,0.971,0.264,0.679,1.293,0.525,0.965,0.544,107.066
1,27,3,1,1,2500000,61142139,0.157,0.725,0.216,0.605,0.357,0.373,0.970,0.384,0.999,0.385,0.420,0.748,0.562,0.606,0.927,0.061,1.343,0.045,0.478,0.095,0.326,0.917,0.356,1.024,0.347,0.186,1.465,0.127,0.466,0.273,101.110
1,27,3,1,1,3000000,61142140,0.139,0.718,0.194,0.604,0.321,0.307,0.935,0.328,0.960,0.342,0.453,0.768,0.590,0.629,0.938,0.057,0.663,0.086,1.020,0.085,0.141,0.495,0.285,1.204,0.237,0.404,1.339,0.302,0.847,0.357,89.863
1,27,3,1,1,3500000,61142141,0.209,0.717,0.292,0.603,0.484,0.483,0.944,0.512,0.957,0.535,0.433,0.760,0.570,0.630,0.905,0.083,0.646,0.129,1.769,0.073,0.170,0.459,0.370,1.995,0.186,0.489,1.407,0.348,0.886,0.393,87.762
1,27,3,1,1,3800000,61142142,0.229,0.733,0.313,0.576,0.543,0.530,0.938,0.564,0.936,0.603,0.433,0.781,0.554,0.615,0.901,0.090,0.612,0.147,0.938,0.157,0.168,0.444,0.377,1.215,0.311,0.537,1.379,0.389,0.772,0.504,84.979
1,27,3,1,2,1000000,61142143,0.121,0.738,0.164,0.539,0.304,0.307,0.960,0.320,0.991,0.323,0.395,0.769,0.513,0.544,0.943,0.044,0.605,0.073,1.430,0.051,0.155,0.438,0.355,1.719,0.206,0.286,1.382,0.207,0.832,0.248,144.297
1,27,3,1,2,1500000,61142144,0.205,0.720,0.285,0.590,0.483,0.500,0.957,0.522,0.976,0.535,0.410,0.751,0.546,0.604,0.904,0.078,1.319,0.059,0.422,0.140,0.286,0.899,0.319,1.018,0.313,0.273,1.468,0.186,0.414,0.448,119.430
1,27,3,1,2,2000000,61142145,0.131,0.719,0.183,0.598,0.305,0.299,0.946,0.316,0.972,0.325,0.439,0.760,0.578,0.615,0.940,0.051,0.635,0.080,0.931,0.086,0.117,0.458,0.256,1.054,0.243,0.433,1.386,0.313,0.884,0.354,105.503
1,27,3,1,2,2500000,61142146,0.188,0.717,0.263,0.593,0.443,0.461,0.965,0.478,0.986,0.485,0.408,0.743,0.549,0.601,0.914,0.075,0.608,0.123,1.059,0.116,0.155,0.452,0.344,1.042,0.330,0.483,1.345,0.359,1.017,0.353,97.837
1,27,3,1,2,3000000,61142147,0.156,0.726,0.214,0.616,0.348,0.361,0.964,0.374,0.999,0.375,0.431,0.752,0.573,0.617,0.929,0.061,1.332,0.046,0.451,0.102,0.306,0.918,0.334,0.996,0.335,0.201,1.451,0.138,0.453,0.305,95.213
1,27,3,1,2,3500000,61142148,0.218,0.720,0.302,0.601,0.503,0.511,0.943,0.542,0.972,0.557,0.426,0.764,0.558,0.618,0.902,0.085,0.629,0.135,1.038,0.130,0.163,0.469,0.347,1.038,0.335,0.522,1.343,0.389,1.001,0.389,87.351
1,27,3,1,2,3800000,61142156,0.198,0.729,0.272,0.580,0.469,0.485,0.954,0.508,0.988,0.515,0.409,0.764,0.535,0.587,0.911,0.076,0.699,0.109,0.915,0.119,0.189,0.498,0.380,1.183,0.321,0.404,1.405,0.288,0.774,0.372,82.981
1,27,3,1,3,1000000,61142173,0.112,0.714,0.157,0.580,0.271,0.261,0.923,0.283,0.991,0.286,0.429,0.774,0.554,0.585,0.948,0.043,0.868,0.050,1.929,0.026,0.226,0.621,0.364,3.219,0.113,0.192,1.399,0.137,0.599,0.229,149.590
1,27,3,1,3,1500000,61142174,0.166,0.706,0.235,0.607,0.388,0.394,0.947,0.417,0.990,0.421,0.421,0.746,0.565,0.613,0.922,0.065,0.645,0.101,0.881,0.115,0.170,0.464,0.366,1.017,0.359,0.384,1.389,0.276,0.867,0.319,120.540
1,27,3,1,3,2000000,61142175,0.166,0.718,0.231,0.542,0.427,0.410,0.963,0.425,0.918,0.463,0.406,0.745,0.544,0.590,0.923,0.063,0.626,0.101,0.718,0.140,0.127,0.444,0.287,0.929,0.309,0.495,1.410,0.351,0.773,0.455,110.054
1,27,3,1,3,2500000,61142176,0.154,0.711,0.217,0.617,0.351,0.335,0.926,0.362,0.959,0.377,0.460,0.768,0.599,0.644,0.930,0.060,0.684,0.088,0.898,0.098,0.172,0.485,0.355,1.155,0.308,0.349,1.411,0.248,0.778,0.319,99.073
1,27,3,1,3,3000000,61142177,0.193,0.730,0.265,0.589,0.450,0.442,0.928,0.476,0.968,0.492,0.438,0.786,0.557,0.609,0.914,0.075,0.620,0.121,1.065,0.114,0.133,0.508,0.262,1.073,0.245,0.563,1.220,0.461,0.992,0.465,94.935
1,27,3,1,3,3500000,61142178,0.180,0.692,0.260,0.650,0.400,0.384,0.923,0.416,0.958,0.435,0.468,0.749,0.624,0.678,0.921,0.072,0.807,0.090,0.808,0.111,0.213,0.552,0.386,1.228,0.314,0.339,1.460,0.232,0.658,0.353,90.819
1,27,3,1,3,3800000,61142179,0.227,0.710,0.320,0.612,0.523,0.516,0.926,0.557,0.955,0.583,0.441,0.767,0.575,0.641,0.898,0.088,0.648,0.135,0.994,0.136,0.132,0.477,0.277,1.070,0.259,0.663,1.359,0.488,0.930,0.525,85.195
1,27,3,5,0,1000000,61142180,0.273,0.725,0.377,0.549,0.686,0.739,0.948,0.779,0.996,0.783,0.369,0.765,0.483,0.551,0.877,0.101,0.624,0.162,0.936,0.173,0.255,0.469,0.544,1.084,0.502,0.396,1.331,0.298,0.863,0.345,321.933
1,27,3,5,0,1500000,61142181,0.310,0.718,0.431,0.574,0.751,0.821,0.951,0.864,0.990,0.872,0.377,0.756,0.499,0.580,0.861,0.114,0.608,0.187,0.983,0.191,0.270,0.485,0.558,1.047,0.533,0.422,1.255,0.336,0.939,0.358,248.425
1,27,3,5,0,2000000,61142182,0.300,0.708,0.424,0.587,0.723,0.791,0.951,0.832,0.995,0.836,0.380,0.745,0.510,0.589,0.865,0.111,0.646,0.172,0.941,0.183,0.205,0.473,0.434,0.997,0.436,0.542,1.367,0.396,0.943,0.420,225.632
1,27,3,5,0,2500000,61142183,0.309,0.719,0.430,0.597,0.720,0.759,0.932,0.814,0.979,0.831,0.407,0.771,0.528,0.610,0.866,0.114,0.652,0.175,0.978,0.179,0.327,0.519,0.629,1.120,0.562,0.349,1.255,0.278,0.873,0.319,197.518
1,27,3,5,0,3000000,61142184,0.321,0.701,0.458,0.609,0.751,0.795,0.936,0.849,0.975,0.871,0.404,0.749,0.539,0.625,0.863,0.116,0.657,0.176,0.981,0.180,0.279,0.514,0.543,1.009,0.538,0.415,1.278,0.325,0.972,0.334,181.857
1,27,3,5,0,3500000,61142185,0.301,0.717,0.420,0.611,0.688,0.704,0.936,0.753,0.950,0.792,0.428,0.766,0.558,0.643,0.869,0.110,0.688,0.161,1.277,0.126,0.254,0.504,0.505,1.524,0.331,0.434,1.364,0.318,0.838,0.380,187.633
1,27,3,5,0,3800000,61142186,0.301,0.734,0.411,0.565,0.726,0.747,0.932,0.802,0.960,0.835,0.403,0.787,0.512,0.589,0.870,0.110,0.638,0.172,2.178,0.079,0.266,0.535,0.498,2.362,0.211,0.412,1.193,0.345,0.922,0.374,189.038
1,27,3,5,1,1000000,61142187,0.281,0.728,0.386,0.571,0.676,0.745,0.959,0.776,0.999,0.777,0.378,0.759,0.498,0.572,0.870,0.105,0.881,0.120,16.643,0.007,0.328,0.634,0.517,28.294,0.018,0.321,1.391,0.231,0.588,0.393,321.122
1,27,3,5,1,1500000,61142188,0.294,0.719,0.409,0.572,0.714,0.760,0.937,0.811,0.986,0.823,0.387,0.768,0.504,0.580,0.868,0.109,0.625,0.174,0.948,0.183,0.284,0.486,0.585,1.099,0.532,0.383,1.287,0.298,0.863,0.345,252.012
1,27,3,5,1,2000000,61142212,0.309,0.710,0.436,0.598,0.728,0.785,0.942,0.833,0.985,0.846,0.394,0.754,0.523,0.607,0.861,0.114,0.639,0.178,0.959,0.186,0.303,0.511,0.594,0.987,0.602,0.375,1.252,0.299,0.971,0.308,222.008
1,27,3,5,1,2500000,61142213,0.310,0.704,0.439,0.590,0.745,0.796,0.938,0.849,0.986,0.862,0.389,0.751,0.517,0.599,0.865,0.112,0.623,0.180,0.980,0.184,0.243,0.471,0.515,0.994,0.518,0.463,1.322,0.350,0.986,0.355,197.051
1,27,3,5,1,3000000,61142214,0.310,0.731,0.424,0.580,0.731,0.759,0.942,0.806,0.956,0.843,0.408,0.776,0.526,0.606,0.867,0.114,0.656,0.173,2.567,0.067,0.312,0.519,0.601,2.994,0.201,0.365,1.265,0.288,0.857,0.336,184.942
1,27,3,5,1,3500000,61142215,0.309,0.710,0.436,0.605,0.721,0.745,0.934,0.798,0.960,0.832,0.415,0.760,0.546,0.630,0.866,0.112,0.681,0.164,0.975,0.168,0.263,0.510,0.516,1.110,0.465,0.425,1.336,0.318,0.879,0.362,178.834
1,27,3,5,1,3800000,61142216,0.311,0.739,0.420,0.572,0.735,0.765,0.938,0.815,0.961,0.849,0.406,0.788,0.516,0.595,0.866,0.112,0.636,0.177,3.243,0.054,0.280,0.531,0.528,3.532,0.149,0.400,1.197,0.335,0.918,0.364,184.686
1,27,3,5,2,1000000,61142217,0.244,0.715,0.342,0.570,0.599,0.617,0.940,0.657,0.974,0.675,0.395,0.761,0.520,0.586,0.888,0.091,0.889,0.102,0.633,0.162,0.305,0.643,0.474,1.160,0.409,0.298,1.384,0.216,0.546,0.395,342.148
1,27,3,5,2,1500000,61142218,0.300,0.712,0.421,0.569,0.741,0.808,0.946,0.854,0.995,0.858,0.371,0.752,0.493,0.571,0.863,0.111,0.595,0.186,0.945,0.197,0.301,0.476,0.632,0.984,0.643,0.368,1.251,0.294,0.960,0.306,249.053
1,27,3,5,2,2000000,61142219,0.306,0.708,0.432,0.581,0.743,0.804,0.947,0.849,0.987,0.860,0.380,0.748,0.509,0.589,0.864,0.112,0.599,0.187,0.961,0.194,0.264,0.477,0.553,0.979,0.565,0.424,1.256,0.338,0.981,0.344,214.347
1,27,3,5,2,2500000,61142220,0.310,0.712,0.436,0.603,0.723,0.802,0.957,0.838,0.998,0.840,0.387,0.744,0.520,0.604,0.861,0.115,1.346,0.085,0.460,0.185,0.440,0.935,0.471,0.999,0.472,0.260,1.440,0.181,0.460,0.392,199.711
1,27,3,5,2,3000000,61142221,0.305,0.726,0.419,0.591,0.710,0.733,0.949,0.772,0.943,0.819,0.416,0.766,0.543,0.627,0.866,0.112,0.689,0.163,0.941,0.173,0.267,0.502,0.532,1.061,0.501,0.420,1.372,0.306,0.886,0.346,189.026
1,27,3,5,2,3500000,61142222,0.316,0.719,0.439,0.594,0.739,0.765,0.935,0.818,0.953,0.858,0.413,0.769,0.537,0.623,0.862,0.117,0.914,0.128,3.417,0.037,0.292,0.641,0.455,4.774,0.095,0.400,1.426,0.280,0.716,0.392,179.110
1,27,3,5,2,3800000,61142223,0.294,0.729,0.404,0.586,0.689,0.717,0.941,0.762,0.966,0.789,0.410,0.774,0.530,0.607,0.873,0.108,0.675,0.160,0.988,0.162,0.226,0.495,0.457,1.171,0.390,0.479,1.364,0.351,0.844,0.416,179.339
1,27,3,5,3,1000000,61142237,0.291,0.731,0.398,0.566,0.704,0.765,0.952,0.804,0.986,0.815,0.380,0.768,0.495,0.574,0.863,0.108,0.638,0.169,0.911,0.185,0.293,0.476,0.617,1.015,0.608,0.367,1.342,0.274,0.898,0.305,313.105
1,27,3,5,3,1500000,61142238,0.306,0.722,0.424,0.600,0.706,0.796,0.969,0.822,0.998,0.823,0.385,0.746,0.516,0.602,0.858,0.115,0.903,0.127,37.641,0.003,0.277,0.638,0.435,51.317,0.008,0.414,1.416,0.292,0.734,0.399,252.300
1,27,3,5,3,2000000,61142239,0.268,0.705,0.380,0.616,0.616,0.638,0.932,0.684,0.975,0.702,0.420,0.757,0.555,0.632,0.878,0.101,0.631,0.159,0.931,0.171,0.224,0.486,0.461,1.084,0.425,0.449,1.299,0.346,0.859,0.403,229.669
1,27,3,5,3,2500000,61142240,0.310,0.695,0.447,0.611,0.732,0.759,0.920,0.824,0.972,0.848,0.409,0.755,0.542,0.628,0.862,0.113,0.632,0.179,0.949,0.189,0.252,0.496,0.507,0.991,0.512,0.449,1.274,0.353,0.958,0.368,193.687
1,27,3,5,3,3000000,61142241,0.323,0.725,0.446,0.602,0.740,0.776,0.940,0.826,0.958,0.863,0.416,0.771,0.540,0.629,0.858,0.119,0.673,0.176,7.348,0.024,0.302,0.510,0.593,8.594,0.069,0.393,1.320,0.297,0.855,0.348,183.295
1,27,3,5,3,3500000,61142242,0.346,0.706,0.490,0.643,0.762,0.819,0.930,0.881,0.981,0.898,0.422,0.760,0.556,0.655,0.849,0.125,1.375,0.091,0.499,0.182,0.558,0.943,0.592,1.040,0.569,0.223,1.458,0.153,0.480,0.319,179.176
1,27,3,5,3,3800000,61142243,0.309,0.722,0.428,0.611,0.699,0.775,0.957,0.810,0.998,0.812,0.398,0.754,0.528,0.613,0.862,0.114,1.373,0.083,0.455,0.182,0.410,0.952,0.431,1.002,0.430,0.277,1.441,0.192,0.454,0.423,178.187
1,27,3,10,0,1000000,61142244,0.289,0.734,0.394,0.548,0.719,0.783,0.954,0.821,0.996,0.824,0.369,0.769,0.480,0.550,0.872,0.108,0.644,0.168,0.928,0.181,0.250,0.488,0.512,1.080,0.474,0.433,1.321,0.328,0.859,0.382,586.811
1,27,3,10,0,1500000,61142245,0.309,0.717,0.432,0.576,0.750,0.810,0.946,0.856,0.985,0.870,0.382,0.757,0.504,0.584,0.863,0.115,0.658,0.175,3.858,0.045,0.296,0.491,0.603,4.333,0.139,0.389,1.339,0.291,0.890,0.326,452.369
1,27,3,10,0,2000000,61142246,0.281,0.724,0.388,0.575,0.675,0.708,0.944,0.750,0.976,0.769,0.397,0.767,0.517,0.589,0.878,0.105,0.641,0.164,0.970,0.169,0.296,0.502,0.591,1.189,0.497,0.355,1.278,0.278,0.816,0.341,416.516
1,27,3,10,0,2500000,61142247,0.316,0.713,0.443,0.604,0.733,0.765,0.933,0.819,0.967,0.847,0.413,0.764,0.540,0.624,0.866,0.116,0.666,0.175,1.084,0.161,0.284,0.511,0.555,1.181,0.470,0.410,1.302,0.315,0.917,0.343,359.949
1,27,3,10,0,3000000,61142248,0.347,0.713,0.486,0.620,0.784,0.885,0.963,0.919,0.998,0.921,0.392,0.741,0.529,0.621,0.852,0.130,0.708,0.184,1.006,0.182,0.304,0.516,0.589,1.061,0.555,0.427,1.371,0.312,0.948,0.329,319.043
1,27,3,10,0,3500000,61142249,0.304,0.717,0.424,0.603,0.703,0.739,0.948,0.779,0.966,0.807,0.411,0.756,0.544,0.624,0.872,0.112,0.673,0.167,5.542,0.030,0.267,0.493,0.541,6.652,0.081,0.421,1.366,0.308,0.833,0.370,322.236
1,27,3,10,0,3800000,61142250,0.342,0.742,0.461,0.627,0.735,0.823,0.962,0.855,0.995,0.860,0.415,0.771,0.538,0.630,0.855,0.129,0.920,0.140,27.942,0.005,0.317,0.655,0.485,37.345,0.013,0.406,1.405,0.289,0.748,0.386,312.011
1,27,3,10,1,1000000,61142251,0.265,0.738,0.359,0.562,0.640,0.678,0.952,0.711,0.981,0.725,0.392,0.775,0.505,0.573,0.882,0.100,0.871,0.114,3.595,0.032,0.273,0.634,0.430,5.989,0.072,0.366,1.374,0.266,0.600,0.443,612.445
1,27,3,10,1,1500000,61142252,0.307,0.720,0.426,0.578,0.736,0.816,0.961,0.849,0.994,0.855,0.376,0.750,0.501,0.582,0.861,0.115,1.366,0.084,0.432,0.195,0.457,0.969,0.472,1.002,0.470,0.252,1.410,0.179,0.431,0.415,443.623
1,27,3,10,1,2000000,61142253,0.327,0.716,0.456,0.594,0.768,0.842,0.945,0.891,0.993,0.897,0.388,0.758,0.512,0.598,0.857,0.121,0.658,0.184,0.957,0.192,0.340,0.529,0.642,1.018,0.631,0.355,1.244,0.286,0.939,0.304,390.464
1,27,3,10,1,2500000,61142254,0.335,0.697,0.481,0.629,0.765,0.824,0.930,0.886,0.991,0.894,0.407,0.749,0.543,0.634,0.856,0.123,1.364,0.090,0.454,0.199,0.648,0.960,0.675,0.974,0.693,0.190,1.421,0.134,0.467,0.287,357.961
1,27,3,10,1,3000000,61142255,0.323,0.715,0.452,0.626,0.722,0.768,0.936,0.820,0.980,0.837,0.421,0.764,0.551,0.639,0.862,0.118,0.685,0.172,0.990,0.174,0.314,0.502,0.625,1.121,0.557,0.376,1.363,0.276,0.883,0.312,348.299
1,27,3,10,1,3500000,61142256,0.324,0.729,0.445,0.617,0.721,0.760,0.922,0.824,0.989,0.833,0.427,0.791,0.540,0.624,0.865,0.117,1.335,0.088,0.531,0.165,0.574,0.937,0.612,1.162,0.527,0.204,1.424,0.143,0.457,0.313,343.470
1,27,3,10,1,3800000,61142257,0.328,0.718,0.456,0.594,0.768,0.791,0.933,0.848,0.952,0.890,0.414,0.770,0.538,0.623,0.863,0.121,0.699,0.173,5.657,0.030,0.410,0.532,0.771,7.812,0.099,0.294,1.314,0.224,0.724,0.309,306.893
1,27,3,10,2,1000000,61142258,0.293,0.731,0.401,0.543,0.739,0.808,0.954,0.846,0.993,0.853,0.363,0.767,0.474,0.547,0.867,0.110,0.656,0.168,0.934,0.180,0.297,0.490,0.608,1.095,0.555,0.370,1.339,0.276,0.853,0.324,563.217
1,27,3,10,2,1500000,61142259,0.329,0.730,0.451,0.615,0.733,0.840,0.973,0.863,1.000,0.863,0.392,0.750,0.522,0.615,0.849,0.125,0.924,0.135,61.527,0.002,0.327,0.665,0.493,85.756,0.006,0.381,1.391,0.274,0.717,0.382,440.467
1,27,3,10,2,2000000,61142260,0.350,0.723,0.484,0.653,0.741,0.849,0.963,0.882,1.000,0.882,0.412,0.751,0.549,0.653,0.841,0.133,1.037,0.128,6.754,0.019,0.456,0.738,0.618,11.789,0.052,0.292,1.405,0.208,0.573,0.362,372.558
1,27,3,10,2,2500000,61142261,0.335,0.702,0.477,0.623,0.765,0.851,0.948,0.898,0.999,0.899,0.393,0.740,0.531,0.624,0.852,0.126,0.690,0.183,0.982,0.186,0.259,0.507,0.511,1.004,0.509,0.488,1.361,0.359,0.978,0.367,342.195
1,27,3,10,2,3000000,61142262,0.337,0.730,0.462,0.644,0.718,0.806,0.965,0.836,0.994,0.841,0.418,0.757,0.553,0.648,0.854,0.128,0.924,0.138,16.677,0.008,0.308,0.650,0.474,22.773,0.021,0.414,1.422,0.291,0.732,0.397,304.876
1,27,3,10,2,3500000,61142263,0.324,0.720,0.450,0.604,0.745,0.779,0.934,0.834,0.964,0.865,0.417,0.772,0.540,0.627,0.862,0.120,0.688,0.174,4.141,0.042,0.328,0.525,0.625,4.562,0.137,0.364,1.310,0.278,0.908,0.306,318.285
1,27,3,10,2,3800000,61142264,0.341,0.707,0.482,0.621,0.775,0.819,0.930,0.881,0.971,0.907,0.416,0.760,0.547,0.640,0.855,0.124,0.696,0.178,0.997,0.179,0.337,0.505,0.667,1.046,0.638,0.368,1.378,0.267,0.954,0.280,320.503
1,27,3,10,3,1000000,61142265,0.296,0.733,0.404,0.563,0.717,0.792,0.959,0.826,0.992,0.833,0.374,0.765,0.489,0.568,0.862,0.113,0.866,0.130,8.421,0.015,0.326,0.627,0.520,14.052,0.037,0.346,1.380,0.250,0.599,0.418,557.394
1,27,3,10,3,1500000,61142267,0.325,0.694,0.468,0.650,0.719,0.804,0.949,0.847,0.999,0.848,0.404,0.732,0.552,0.650,0.848,0.124,0.938,0.133,29.071,0.005,0.332,0.669,0.496,41.531,0.012,0.374,1.401,0.267,0.700,0.382,448.586
1,27,3,10,3,2000000,61142268,0.305,0.705,0.432,0.596,0.725,0.772,0.937,0.824,0.979,0.842,0.395,0.753,0.524,0.609,0.860,0.114,0.652,0.175,0.935,0.187,0.302,0.503,0.600,1.038,0.578,0.377,1.297,0.291,0.901,0.323,399.182
1,27,3,10,3,2500000,61142269,0.328,0.714,0.459,0.593,0.773,0.838,0.935,0.897,0.992,0.904,0.391,0.764,0.512,0.598,0.856,0.121,0.653,0.186,0.983,0.189,0.300,0.520,0.576,0.975,0.591,0.404,1.254,0.322,1.008,0.320,339.221
1,27,3,10,3,3000000,61142270,0.329,0.736,0.447,0.570,0.784,0.868,0.958,0.906,0.991,0.914,0.379,0.768,0.493,0.575,0.858,0.123,0.658,0.187,1.859,0.100,0.283,0.504,0.562,1.823,0.308,0.434,1.307,0.332,1.020,0.325,317.235
1,27,3,10,3,3500000,61142271,0.341,0.715,0.477,0.619,0.771,0.827,0.933,0.887,0.979,0.906,0.413,0.766,0.538,0.633,0.851,0.124,1.354,0.092,0.494,0.186,0.629,0.943,0.667,1.003,0.665,0.198,1.435,0.138,0.493,0.280,315.783
1,27,3,10,3,3800000,61142298,0.324,0.738,0.439,0.582,0.754,0.787,0.953,0.826,0.940,0.878,0.412,0.774,0.532,0.620,0.858,0.120,0.688,0.175,0.991,0.176,0.325,0.505,0.644,1.179,0.546,0.370,1.363,0.272,0.841,0.323,312.832
1,27,3,15,0,1000000,61142311,0.316,0.729,0.434,0.593,0.732,0.835,0.969,0.862,1.000,0.862,0.379,0.752,0.503,0.593,0.849,0.127,0.894,0.142,11.422,0.012,0.338,0.667,0.507,16.061,0.032,0.375,1.341,0.279,0.711,0.393,812.459
1,27,3,15,0,1500000,61142312,0.315,0.744,0.423,0.556,0.761,0.834,0.956,0.872,0.982,0.888,0.377,0.778,0.485,0.566,0.857,0.121,0.650,0.186,0.978,0.191,0.379,0.536,0.706,1.006,0.702,0.320,1.212,0.264,0.971,0.272,663.465
1,27,3,15,0,2000000,61142313,0.348,0.719,0.484,0.658,0.735,0.850,0.970,0.877,1.000,0.877,0.409,0.741,0.552,0.658,0.838,0.137,0.994,0.138,306.332,0.000,0.403,0.723,0.557,444.988,0.001,0.340,1.375,0.247,0.688,0.359,538.149
1,27,3,15,0,2500000,61142314,0.335,0.728,0.460,0.596,0.772,0.850,0.945,0.899,0.990,0.908,0.394,0.770,0.512,0.602,0.850,0.127,0.665,0.191,0.974,0.196,0.330,0.519,0.635,0.972,0.654,0.385,1.281,0.301,1.003,0.300,521.395
1,27,3,15,0,3000000,61142315,0.325,0.746,0.435,0.597,0.729,0.782,0.935,0.836,0.986,0.849,0.415,0.798,0.520,0.606,0.859,0.121,1.270,0.095,0.550,0.173,0.585,0.910,0.643,1.133,0.567,0.206,1.396,0.148,0.485,0.304,518.705
1,27,3,15,0,3500000,61142316,0.327,0.757,0.433,0.570,0.760,0.811,0.943,0.860,0.972,0.885,0.404,0.803,0.503,0.586,0.859,0.123,0.655,0.188,13.298,0.014,0.334,0.550,0.607,13.051,0.047,0.369,1.190,0.310,1.019,0.305,455.905
1,27,3,15,0,3800000,61142317,0.345,0.752,0.459,0.579,0.793,0.902,0.965,0.934,0.997,0.937,0.383,0.779,0.491,0.581,0.846,0.142,0.713,0.200,0.993,0.201,0.306,0.536,0.571,1.038,0.550,0.465,1.329,0.350,0.957,0.365,469.113
1,27,3,15,1,1000000,61142318,0.304,0.739,0.411,0.554,0.741,0.811,0.952,0.852,0.989,0.862,0.374,0.777,0.482,0.561,0.860,0.120,0.839,0.143,27.710,0.005,0.436,0.624,0.699,39.605,0.018,0.276,1.346,0.205,0.700,0.293,821.797
1,27,3,15,1,1500000,61142319,0.332,0.708,0.468,0.641,0.731,0.831,0.960,0.865,1.000,0.866,0.399,0.738,0.541,0.641,0.844,0.132,0.903,0.146,54.232,0.003,0.333,0.663,0.503,72.254,0.007,0.396,1.362,0.290,0.751,0.387,632.604
1,27,3,15,1,2000000,61142320,0.322,0.734,0.439,0.567,0.774,0.840,0.944,0.890,0.984,0.905,0.384,0.777,0.493,0.576,0.856,0.124,0.639,0.193,0.980,0.197,0.394,0.539,0.731,0.972,0.752,0.313,1.185,0.265,1.009,0.262,567.962
1,27,3,15,1,2500000,61142321,0.339,0.719,0.471,0.655,0.719,0.808,0.951,0.849,1.000,0.850,0.419,0.756,0.555,0.655,0.847,0.133,0.904,0.147,43.965,0.003,0.319,0.653,0.488,57.659,0.008,0.418,1.385,0.302,0.762,0.396,472.777
1,27,3,15,1,3000000,61142322,0.344,0.742,0.464,0.637,0.729,0.834,0.971,0.858,0.997,0.861,0.413,0.764,0.540,0.638,0.846,0.135,0.914,0.147,175.824,0.001,0.323,0.656,0.492,229.820,0.002,0.418,1.393,0.300,0.765,0.392,443.365
1,27,3,15,1,3500000,61142323,0.328,0.731,0.449,0.592,0.759,0.782,0.941,0.831,0.940,0.884,0.420,0.777,0.541,0.630,0.858,0.125,0.725,0.173,193.672,0.001,0.404,0.540,0.749,276.822,0.003,0.310,1.343,0.231,0.700,0.330,439.680
1,27,3,15,1,3800000,61142324,0.348,0.750,0.464,0.629,0.737,0.840,0.964,0.872,1.000,0.872,0.414,0.778,0.532,0.629,0.845,0.137,0.937,0.146,289.750,0.001,0.333,0.669,0.498,382.435,0.001,0.410,1.400,0.293,0.758,0.387,441.983
1,27,3,15,2,1000000,61142325,0.309,0.740,0.418,0.549,0.760,0.835,0.945,0.883,0.993,0.889,0.370,0.783,0.473,0.553,0.855,0.123,0.901,0.136,1.425,0.096,0.481,0.670,0.719,2.175,0.330,0.255,1.345,0.190,0.655,0.290,814.127
1,27,3,15,2,1500000,61142326,0.309,0.728,0.424,0.571,0.742,0.815,0.962,0.847,0.976,0.868,0.379,0.757,0.500,0.585,0.856,0.122,0.669,0.182,0.921,0.197,0.311,0.509,0.611,1.000,0.611,0.391,1.315,0.297,0.921,0.323,653.826
1,27,3,15,2,2000000,61142327,0.346,0.709,0.489,0.665,0.735,0.851,0.969,0.878,1.000,0.878,0.407,0.731,0.557,0.665,0.837,0.138,0.978,0.141,41.383,0.003,0.454,0.710,0.639,67.869,0.009,0.304,1.376,0.221,0.610,0.362,536.970
1,27,3,15,2,2500000,61142328,0.356,0.715,0.498,0.669,0.744,0.859,0.965,0.890,1.000,0.890,0.415,0.741,0.560,0.669,0.836,0.140,0.958,0.146,43.028,0.003,0.429,0.691,0.622,65.767,0.009,0.327,1.388,0.235,0.654,0.360,478.448
1,27,3,15,2,3000000,61142330,0.333,0.743,0.448,0.576,0.777,0.837,0.949,0.882,0.968,0.911,0.397,0.783,0.508,0.595,0.853,0.128,0.693,0.184,1.002,0.184,0.343,0.556,0.617,1.022,0.603,0.372,1.246,0.299,0.980,0.305,462.955
1,27,3,15,2,3500000,61142331,0.358,0.752,0.477,0.642,0.742,0.854,0.966,0.884,0.999,0.884,0.420,0.778,0.539,0.643,0.839,0.140,0.940,0.149,148.373,0.001,0.376,0.676,0.557,201.548,0.003,0.372,1.391,0.268,0.736,0.363,433.200
1,27,3,15,2,3800000,61142332,0.342,0.750,0.455,0.569,0.800,0.886,0.957,0.926,0.988,0.937,0.385,0.784,0.492,0.576,0.853,0.132,0.685,0.193,1.083,0.178,0.312,0.533,0.584,1.083,0.539,0.425,1.285,0.331,1.000,0.331,447.889
1,27,3,15,3,1000000,61142333,0.307,0.725,0.423,0.576,0.733,0.833,0.968,0.861,1.000,0.861,0.368,0.749,0.491,0.576,0.852,0.124,0.858,0.145,38.887,0.004,0.297,0.639,0.464,52.649,0.009,0.419,1.343,0.312,0.739,0.423,791.528
1,27,3,15,3,1500000,61142334,0.311,0.727,0.427,0.585,0.730,0.781,0.947,0.825,0.969,0.851,0.398,0.768,0.518,0.603,0.858,0.122,0.912,0.134,1.101,0.122,0.415,0.669,0.620,1.658,0.374,0.294,1.363,0.216,0.664,0.325,641.866
1,27,3,15,3,2000000,61142335,0.319,0.725,0.440,0.598,0.736,0.815,0.954,0.854,0.988,0.864,0.391,0.759,0.515,0.605,0.852,0.125,0.679,0.183,0.952,0.193,0.325,0.512,0.635,1.031,0.616,0.383,1.325,0.289,0.923,0.313,574.108
1,27,3,15,3,2500000,61142351,0.318,0.728,0.436,0.593,0.736,0.794,0.940,0.845,0.983,0.860,0.400,0.774,0.516,0.603,0.856,0.123,0.706,0.175,0.970,0.180,0.356,0.552,0.644,1.161,0.555,0.346,1.278,0.271,0.835,0.324,515.916
1,27,3,15,3,3000000,61142364,0.344,0.722,0.477,0.623,0.765,0.816,0.938,0.870,0.966,0.902,0.422,0.770,0.548,0.645,0.849,0.131,1.239,0.105,0.546,0.193,0.607,0.880,0.690,1.009,0.684,0.215,1.408,0.153,0.541,0.282,483.916
1,27,3,15,3,3500000,61142368,0.355,0.725,0.490,0.662,0.740,0.847,0.961,0.881,0.999,0.882,0.420,0.754,0.557,0.663,0.840,0.140,0.966,0.145,30.257,0.005,0.393,0.690,0.569,42.319,0.013,0.357,1.399,0.255,0.715,0.357,437.292
1,27,3,15,3,3800000,61142369,0.354,0.737,0.480,0.646,0.744,0.849,0.961,0.884,0.999,0.885,0.417,0.767,0.544,0.646,0.841,0.139,0.960,0.145,43.726,0.003,0.371,0.686,0.541,60.369,0.009,0.376,1.399,0.269,0.724,0.371,430.756
1,64,1,1,0,1000000,61142370,0.097,0.665,0.145,0.911,0.159,0.099,0.665,0.149,0.911,0.164,0.974,1.000,0.974,1.000,0.974,0.052,0.545,0.095,1.977,0.048,0.176,0.545,0.324,1.977,0.164,0.295,1.000,0.295,1.000,0.295,311.455
1,64,1,1,0,1500000,61142371,0.149,0.762,0.196,0.856,0.229,0.155,0.762,0.203,0.856,0.237,0.966,1.000,0.966,1.000,0.966,0.083,0.671,0.123,2.164,0.057,0.090,0.671,0.134,2.164,0.062,0.919,1.000,0.919,1.000,0.919,256.984
1,64,1,1,0,2000000,61142372,0.189,0.867,0.218,0.816,0.267,0.197,0.867,0.227,0.816,0.278,0.961,1.000,0.961,1.000,0.961,0.109,0.604,0.181,2.146,0.084,0.147,0.604,0.243,2.146,0.113,0.745,1.000,0.745,1.000,0.745,220.672
1,64,1,1,0,2500000,61142373,0.127,0.971,0.131,0.980,0.134,0.135,0.971,0.139,0.980,0.142,0.943,1.000,0.943,1.000,0.943,0.068,0.915,0.074,1.020,0.073,0.402,0.915,0.440,1.020,0.431,0.169,1.000,0.169,1.000,0.169,208.473
1,64,1,1,0,3000000,61142374,0.109,0.778,0.140,0.841,0.167,0.111,0.778,0.143,0.841,0.170,0.979,1.000,0.979,1.000,0.979,0.060,0.605,0.099,2.046,0.048,0.069,0.605,0.114,2.046,0.056,0.868,1.000,0.868,1.000,0.868,185.644
1,64,1,1,0,3500000,61142375,0.264,0.971,0.272,0.988,0.275,0.300,0.971,0.309,0.988,0.313,0.881,1.000,0.881,1.000,0.881,0.141,0.915,0.154,1.062,0.146,0.435,0.915,0.475,1.062,0.448,0.325,1.000,0.325,1.000,0.325,197.202
1,64,1,1,0,3800000,61142376,0.108,0.732,0.148,0.896,0.165,0.111,0.732,0.151,0.896,0.169,0.976,1.000,0.976,1.000,0.976,0.061,0.791,0.077,1.496,0.052,0.183,0.791,0.231,1.496,0.154,0.335,1.000,0.335,1.000,0.335,196.282
1,64,1,1,1,1000000,61142377,0.144,0.859,0.167,0.973,0.172,0.151,0.859,0.176,0.973,0.181,0.952,1.000,0.952,1.000,0.952,0.081,0.826,0.099,1.057,0.093,0.322,0.826,0.390,1.057,0.369,0.253,1.000,0.253,1.000,0.253,317.962
1,64,1,1,1,1500000,61142378,0.176,0.746,0.236,0.845,0.279,0.183,0.746,0.245,0.845,0.290,0.962,1.000,0.962,1.000,0.962,0.098,0.627,0.156,2.062,0.076,0.213,0.627,0.339,2.062,0.164,0.461,1.000,0.461,1.000,0.461,255.316
1,64,1,1,1,2000000,61142379,0.189,0.757,0.250,0.842,0.297,0.197,0.757,0.260,0.842,0.309,0.961,1.000,0.961,1.000,0.961,0.108,0.628,0.173,1.997,0.086,0.118,0.628,0.187,1.997,0.094,0.921,1.000,0.921,1.000,0.921,218.832
1,64,1,1,1,2500000,61142380,0.183,0.795,0.231,0.857,0.269,0.190,0.795,0.239,0.857,0.279,0.964,1.000,0.964,1.000,0.964,0.102,0.543,0.188,1.985,0.095,0.099,0.543,0.183,1.985,0.092,1.028,1.000,1.028,1.000,1.028,211.678
1,64,1,1,1,3000000,61142381,0.151,0.954,0.159,0.793,0.200,0.157,0.954,0.165,0.793,0.208,0.964,1.000,0.964,1.000,0.964,0.072,0.621,0.115,1.881,0.061,0.262,0.621,0.422,1.881,0.224,0.274,1.000,0.274,1.000,0.274,256.963
1,64,1,1,1,3500000,61142382,0.217,0.971,0.223,0.992,0.225,0.240,0.971,0.248,0.992,0.250,0.902,1.000,0.902,1.000,0.902,0.115,0.920,0.125,1.030,0.121,0.315,0.920,0.343,1.030,0.333,0.364,1.000,0.364,1.000,0.364,191.781
1,64,1,1,1,3800000,61142383,0.179,0.971,0.184,0.990,0.186,0.195,0.971,0.201,0.990,0.203,0.919,1.000,0.919,1.000,0.919,0.085,0.903,0.094,1.030,0.092,0.104,0.903,0.115,1.030,0.111,0.823,1.000,0.823,1.000,0.823,193.536
1,64,1,1,2,1000000,61142384,0.157,0.967,0.162,0.986,0.164,0.168,0.967,0.174,0.986,0.176,0.930,1.000,0.930,1.000,0.930,0.085,0.920,0.092,1.020,0.091,0.420,0.920,0.457,1.020,0.448,0.202,1.000,0.202,1.000,0.202,306.104
1,64,1,1,2,1500000,61142385,0.078,0.833,0.094,0.754,0.125,0.080,0.833,0.096,0.754,0.127,0.981,1.000,0.981,1.000,0.981,0.045,0.546,0.082,2.228,0.037,0.161,0.546,0.295,2.228,0.133,0.279,1.000,0.279,1.000,0.279,250.803
1,64,1,1,2,2000000,61142386,0.210,0.759,0.277,0.852,0.325,0.220,0.759,0.289,0.852,0.340,0.956,1.000,0.956,1.000,0.956,0.122,0.613,0.199,2.259,0.088,0.129,0.613,0.211,2.259,0.093,0.943,1.000,0.943,1.000,0.943,219.462
1,64,1,1,2,2500000,61142387,0.103,0.847,0.121,0.806,0.151,0.105,0.847,0.124,0.806,0.154,0.977,1.000,0.977,1.000,0.977,0.059,0.724,0.082,1.934,0.042,0.132,0.724,0.182,1.934,0.094,0.447,1.000,0.447,1.000,0.447,214.213
1,64,1,1,2,3000000,61142390,0.231,0.970,0.238,0.991,0.240,0.257,0.970,0.265,0.991,0.267,0.896,1.000,0.896,1.000,0.896,0.127,0.906,0.141,1.023,0.137,0.330,0.906,0.365,1.023,0.357,0.385,1.000,0.385,1.000,0.385,195.809
1,64,1,1,2,3500000,61142406,0.270,0.972,0.278,0.990,0.281,0.308,0.972,0.317,0.990,0.320,0.878,1.000,0.878,1.000,0.878,0.144,0.919,0.156,1.030,0.152,0.236,0.919,0.256,1.030,0.249,0.610,1.000,0.610,1.000,0.610,196.723
1,64,1,1,2,3800000,61142408,0.203,0.745,0.273,0.901,0.302,0.211,0.745,0.284,0.901,0.315,0.960,1.000,0.960,1.000,0.960,0.111,0.640,0.174,1.682,0.104,0.156,0.640,0.243,1.682,0.145,0.716,1.000,0.716,1.000,0.716,208.251
1,64,1,1,3,1000000,61142409,0.095,0.799,0.119,0.999,0.119,0.099,0.799,0.124,0.999,0.124,0.959,1.000,0.959,1.000,0.959,0.051,0.850,0.060,1.035,0.058,0.069,0.850,0.082,1.035,0.079,0.733,1.000,0.733,1.000,0.733,314.481
1,64,1,1,3,1500000,61142410,0.170,0.679,0.250,0.873,0.286,0.176,0.679,0.260,0.873,0.297,0.963,1.000,0.963,1.000,0.963,0.095,0.650,0.146,2.117,0.069,0.120,0.650,0.185,2.117,0.088,0.787,1.000,0.787,1.000,0.787,248.118
1,64,1,1,3,2000000,61142411,0.093,0.679,0.137,0.851,0.161,0.095,0.679,0.140,0.851,0.165,0.979,1.000,0.979,1.000,0.979,0.052,0.574,0.090,2.132,0.042,0.084,0.574,0.146,2.132,0.068,0.620,1.000,0.620,1.000,0.620,231.226
1,64,1,1,3,2500000,61142412,0.203,0.831,0.244,0.809,0.302,0.212,0.831,0.256,0.809,0.316,0.956,1.000,0.956,1.000,0.956,0.112,0.643,0.175,2.013,0.087,0.212,0.643,0.330,2.013,0.164,0.531,1.000,0.531,1.000,0.531,207.053
1,64,1,1,3,3000000,61142413,0.178,0.970,0.184,0.990,0.186,0.194,0.970,0.200,0.990,0.202,0.920,1.000,0.920,1.000,0.920,0.096,0.906,0.106,1.047,0.101,0.230,0.906,0.254,1.047,0.242,0.418,1.000,0.418,1.000,0.418,199.889
1,64,1,1,3,3500000,61142414,0.290,0.972,0.298,0.993,0.300,0.334,0.972,0.343,0.993,0.346,0.869,1.000,0.869,1.000,0.869,0.155,0.916,0.169,1.058,0.160,0.442,0.916,0.482,1.058,0.456,0.351,1.000,0.351,1.000,0.351,193.827
1,64,1,1,3,3800000,61142415,0.164,0.787,0.208,0.821,0.254,0.170,0.787,0.216,0.821,0.263,0.966,1.000,0.966,1.000,0.966,0.092,0.632,0.146,1.971,0.074,0.116,0.632,0.184,1.971,0.093,0.797,1.000,0.797,1.000,0.797,191.791
1,64,1,5,0,1000000,61142416,0.342,0.739,0.463,0.859,0.539,0.390,0.739,0.528,0.859,0.614,0.877,1.000,0.877,1.000,0.877,0.196,0.662,0.295,1.518,0.195,0.258,0.662,0.389,1.518,0.256,0.759,1.000,0.759,1.000,0.759,458.278
1,64,1,5,0,1500000,61142417,0.465,0.954,0.487,0.956,0.510,0.586,0.954,0.615,0.956,0.643,0.793,1.000,0.793,1.000,0.793,0.251,0.932,0.269,1.013,0.266,0.603,0.932,0.647,1.013,0.639,0.416,1.000,0.416,1.000,0.416,356.333
1,64,1,5,0,2000000,61142418,0.434,0.782,0.555,0.841,0.660,0.482,0.782,0.615,0.841,0.732,0.901,1.000,0.901,1.000,0.901,0.244,0.658,0.371,2.087,0.178,0.275,0.658,0.418,2.087,0.200,0.889,1.000,0.889,1.000,0.889,321.702
1,64,1,5,0,2500000,61142419,0.399,0.759,0.526,0.835,0.629,0.434,0.759,0.571,0.835,0.684,0.920,1.000,0.920,1.000,0.920,0.223,0.635,0.351,2.095,0.167,0.225,0.635,0.354,2.095,0.169,0.990,1.000,0.990,1.000,0.990,304.447
1,64,1,5,0,3000000,61142420,0.453,0.862,0.526,0.856,0.615,0.517,0.862,0.601,0.856,0.702,0.876,1.000,0.876,1.000,0.876,0.249,0.710,0.350,1.642,0.213,0.333,0.710,0.469,1.642,0.285,0.747,1.000,0.747,1.000,0.747,424.642
1,64,1,5,0,3500000,61142421,0.533,0.968,0.551,0.990,0.556,0.699,0.968,0.722,0.990,0.729,0.762,1.000,0.762,1.000,0.762,0.293,0.922,0.318,1.029,0.309,0.673,0.922,0.729,1.029,0.708,0.436,1.000,0.436,1.000,0.436,273.337
1,64,1,5,0,3800000,61142422,0.475,0.966,0.492,0.988,0.498,0.602,0.966,0.623,0.988,0.631,0.789,1.000,0.789,1.000,0.789,0.263,0.924,0.285,1.023,0.278,0.726,0.924,0.785,1.023,0.768,0.363,1.000,0.363,1.000,0.363,279.672
1,64,1,5,1,1000000,61142423,0.440,0.912,0.483,0.944,0.511,0.542,0.912,0.594,0.944,0.629,0.812,1.000,0.812,1.000,0.812,0.241,0.886,0.272,1.044,0.261,0.398,0.886,0.449,1.044,0.430,0.606,1.000,0.606,1.000,0.606,447.032
1,64,1,5,1,1500000,61142424,0.536,0.967,0.554,0.964,0.575,0.703,0.967,0.727,0.964,0.754,0.763,1.000,0.763,1.000,0.763,0.295,0.932,0.316,1.025,0.309,0.593,0.932,0.636,1.025,0.621,0.497,1.000,0.497,1.000,0.497,362.900
1,64,1,5,1,2000000,61142425,0.486,0.938,0.518,0.957,0.542,0.620,0.938,0.661,0.957,0.691,0.784,1.000,0.784,1.000,0.784,0.269,0.925,0.291,0.947,0.307,0.483,0.925,0.522,0.947,0.551,0.557,1.000,0.557,1.000,0.557,327.418
1,64,1,5,1,2500000,61142427,0.451,0.824,0.547,0.841,0.650,0.504,0.824,0.612,0.841,0.727,0.895,1.000,0.895,1.000,0.895,0.251,0.697,0.360,1.947,0.185,0.312,0.697,0.447,1.947,0.229,0.806,1.000,0.806,1.000,0.806,304.141
1,64,1,5,1,3000000,61142428,0.555,0.943,0.588,0.989,0.595,0.733,0.943,0.777,0.989,0.786,0.757,1.000,0.757,1.000,0.757,0.308,0.891,0.345,1.017,0.340,0.682,0.891,0.765,1.017,0.753,0.451,1.000,0.451,1.000,0.451,280.122
1,64,1,5,1,3500000,61142429,0.526,0.969,0.543,0.986,0.551,0.688,0.969,0.710,0.986,0.719,0.765,1.000,0.765,1.000,0.765,0.288,0.928,0.311,1.010,0.308,0.645,0.928,0.695,1.010,0.688,0.448,1.000,0.448,1.000,0.448,273.403
1,64,1,5,1,3800000,61142430,0.446,0.850,0.524,0.836,0.627,0.500,0.850,0.588,0.836,0.703,0.892,1.000,0.892,1.000,0.892,0.245,0.732,0.335,1.833,0.183,0.306,0.732,0.418,1.833,0.228,0.800,1.000,0.800,1.000,0.800,280.586
1,64,1,5,2,1000000,61142431,0.311,0.650,0.478,0.891,0.537,0.337,0.650,0.517,0.891,0.581,0.924,1.000,0.924,1.000,0.924,0.175,0.587,0.297,2.094,0.142,0.240,0.587,0.408,2.094,0.195,0.729,1.000,0.729,1.000,0.729,440.010
1,64,1,5,2,1500000,61142432,0.534,0.967,0.552,0.986,0.560,0.700,0.967,0.724,0.986,0.735,0.762,1.000,0.762,1.000,0.762,0.293,0.930,0.315,1.025,0.307,0.729,0.930,0.784,1.025,0.764,0.402,1.000,0.402,1.000,0.402,358.819
1,64,1,5,2,2000000,61142445,0.518,0.967,0.536,0.973,0.551,0.674,0.967,0.697,0.973,0.716,0.769,1.000,0.769,1.000,0.769,0.285,0.918,0.311,1.033,0.301,0.658,0.918,0.717,1.033,0.694,0.433,1.000,0.433,1.000,0.433,330.420
1,64,1,5,2,2500000,61142446,0.401,0.746,0.538,0.854,0.630,0.438,0.746,0.588,0.854,0.688,0.916,1.000,0.916,1.000,0.916,0.224,0.623,0.360,2.018,0.178,0.255,0.623,0.409,2.018,0.203,0.879,1.000,0.879,1.000,0.879,298.313
1,64,1,5,2,3000000,61142447,0.529,0.969,0.546,0.990,0.552,0.693,0.969,0.715,0.990,0.723,0.763,1.000,0.763,1.000,0.763,0.289,0.923,0.313,1.025,0.306,0.742,0.923,0.803,1.025,0.784,0.390,1.000,0.390,1.000,0.390,286.229
1,64,1,5,2,3500000,61142448,0.535,0.971,0.551,0.990,0.556,0.705,0.971,0.726,0.990,0.733,0.759,1.000,0.759,1.000,0.759,0.292,0.924,0.316,1.011,0.313,0.603,0.924,0.653,1.011,0.646,0.484,1.000,0.484,1.000,0.484,278.767
1,64,1,5,2,3800000,61142449,0.415,0.817,0.508,0.841,0.604,0.457,0.817,0.560,0.841,0.666,0.907,1.000,0.907,1.000,0.907,0.229,0.712,0.321,1.860,0.173,0.299,0.712,0.420,1.860,0.226,0.765,1.000,0.765,1.000,0.765,271.689
1,64,1,5,3,1000000,61142450,0.403,0.761,0.529,0.968,0.546,0.479,0.761,0.630,0.968,0.650,0.840,1.000,0.840,1.000,0.840,0.221,0.726,0.305,1.310,0.233,0.401,0.726,0.553,1.310,0.422,0.551,1.000,0.551,1.000,0.551,449.171
1,64,1,5,3,1500000,61142451,0.390,0.718,0.543,0.866,0.627,0.428,0.718,0.596,0.866,0.688,0.912,1.000,0.912,1.000,0.912,0.220,0.612,0.360,2.222,0.162,0.269,0.612,0.439,2.222,0.197,0.821,1.000,0.821,1.000,0.821,365.554
1,64,1,5,3,2000000,61142452,0.318,0.756,0.420,0.841,0.500,0.340,0.756,0.450,0.841,0.535,0.934,1.000,0.934,1.000,0.934,0.179,0.600,0.298,2.185,0.136,0.226,0.600,0.377,2.185,0.173,0.790,1.000,0.790,1.000,0.790,328.733
1,64,1,5,3,2500000,61142453,0.392,0.775,0.506,0.837,0.604,0.427,0.775,0.551,0.837,0.658,0.918,1.000,0.918,1.000,0.918,0.218,0.585,0.373,1.993,0.187,0.229,0.585,0.392,1.993,0.196,0.952,1.000,0.952,1.000,0.952,317.710
1,64,1,5,3,3000000,61142454,0.425,0.836,0.509,0.826,0.616,0.469,0.836,0.561,0.826,0.679,0.907,1.000,0.907,1.000,0.907,0.235,0.673,0.348,1.979,0.176,0.283,0.673,0.421,1.979,0.213,0.828,1.000,0.828,1.000,0.828,282.951
1,64,1,5,3,3500000,61142455,0.447,0.807,0.554,0.841,0.658,0.493,0.807,0.611,0.841,0.727,0.905,1.000,0.905,1.000,0.905,0.246,0.619,0.397,1.871,0.212,0.250,0.619,0.403,1.871,0.216,0.984,1.000,0.984,1.000,0.984,284.391
1,64,1,5,3,3800000,61142456,0.335,0.767,0.437,0.838,0.521,0.361,0.767,0.470,0.838,0.561,0.929,1.000,0.929,1.000,0.929,0.186,0.577,0.322,1.784,0.181,0.233,0.577,0.404,1.784,0.227,0.797,1.000,0.797,1.000,0.797,273.811
1,64,1,10,0,1000000,61142457,0.433,0.738,0.587,0.925,0.635,0.507,0.738,0.687,0.925,0.743,0.854,1.000,0.854,1.000,0.854,0.242,0.668,0.362,1.542,0.235,0.368,0.668,0.550,1.542,0.357,0.657,1.000,0.657,1.000,0.657,644.001
1,64,1,10,0,1500000,61142459,0.427,0.725,0.589,0.866,0.680,0.472,0.725,0.651,0.866,0.752,0.904,1.000,0.904,1.000,0.904,0.241,0.648,0.371,2.068,0.179,0.252,0.648,0.389,2.068,0.188,0.953,1.000,0.953,1.000,0.953,533.022
1,64,1,10,0,2000000,61142460,0.431,0.754,0.571,0.846,0.675,0.474,0.754,0.628,0.846,0.743,0.909,1.000,0.909,1.000,0.909,0.243,0.659,0.368,2.128,0.173,0.257,0.659,0.390,2.128,0.183,0.944,1.000,0.944,1.000,0.944,472.688
1,64,1,10,0,2500000,61142461,0.429,0.731,0.587,0.866,0.678,0.472,0.731,0.646,0.866,0.745,0.910,1.000,0.910,1.000,0.910,0.240,0.648,0.370,1.939,0.191,0.242,0.648,0.373,1.939,0.192,0.992,1.000,0.992,1.000,0.992,439.167
1,64,1,10,0,3000000,61142462,0.448,0.809,0.553,0.841,0.658,0.497,0.809,0.614,0.841,0.730,0.901,1.000,0.901,1.000,0.901,0.250,0.698,0.357,1.937,0.185,0.291,0.698,0.417,1.937,0.215,0.858,1.000,0.858,1.000,0.858,421.398
1,64,1,10,0,3500000,61142463,0.426,0.786,0.541,0.814,0.665,0.469,0.786,0.596,0.814,0.732,0.908,1.000,0.908,1.000,0.908,0.235,0.664,0.354,1.790,0.197,0.248,0.664,0.373,1.790,0.208,0.947,1.000,0.947,1.000,0.947,419.741
1,64,1,10,0,3800000,61142464,0.481,0.826,0.582,0.842,0.691,0.540,0.826,0.654,0.842,0.777,0.889,1.000,0.889,1.000,0.889,0.267,0.704,0.380,1.892,0.201,0.298,0.704,0.424,1.892,0.224,0.896,1.000,0.896,1.000,0.896,412.575
1,64,1,10,1,1000000,61142465,0.505,0.937,0.539,0.930,0.579,0.649,0.937,0.692,0.930,0.744,0.778,1.000,0.778,1.000,0.778,0.279,0.931,0.300,0.971,0.309,0.626,0.931,0.672,0.971,0.692,0.446,1.000,0.446,1.000,0.446,669.595
1,64,1,10,1,1500000,61142466,0.429,0.729,0.589,0.866,0.680,0.476,0.729,0.653,0.866,0.755,0.901,1.000,0.901,1.000,0.901,0.242,0.684,0.353,2.007,0.176,0.289,0.684,0.422,2.007,0.210,0.837,1.000,0.837,1.000,0.837,508.009
1,64,1,10,1,2000000,61142467,0.433,0.744,0.582,0.847,0.687,0.475,0.744,0.639,0.847,0.754,0.911,1.000,0.911,1.000,0.911,0.243,0.640,0.380,2.084,0.182,0.243,0.640,0.380,2.084,0.182,1.000,1.000,1.000,1.000,1.000,463.006
1,64,1,10,1,2500000,61142468,0.576,0.968,0.595,0.991,0.601,0.769,0.968,0.794,0.991,0.802,0.749,1.000,0.749,1.000,0.749,0.318,0.930,0.342,1.026,0.334,0.744,0.930,0.800,1.026,0.780,0.428,1.000,0.428,1.000,0.428,420.646
1,64,1,10,1,3000000,61142469,0.458,0.776,0.590,0.861,0.685,0.510,0.776,0.658,0.861,0.764,0.897,1.000,0.897,1.000,0.897,0.254,0.658,0.386,1.855,0.208,0.259,0.658,0.394,1.855,0.212,0.979,1.000,0.979,1.000,0.979,414.931
1,64,1,10,1,3500000,61142470,0.557,0.968,0.575,0.953,0.604,0.736,0.968,0.761,0.953,0.798,0.757,1.000,0.757,1.000,0.757,0.307,0.935,0.328,1.017,0.323,0.702,0.935,0.751,1.017,0.739,0.437,1.000,0.437,1.000,0.437,418.849
1,64,1,10,1,3800000,61142471,0.467,0.792,0.589,0.855,0.689,0.524,0.792,0.661,0.855,0.773,0.892,1.000,0.892,1.000,0.892,0.259,0.696,0.372,1.870,0.199,0.281,0.696,0.404,1.870,0.216,0.921,1.000,0.921,1.000,0.921,411.411
1,64,1,10,2,1000000,61142472,0.404,0.702,0.576,0.924,0.623,0.461,0.702,0.658,0.924,0.711,0.876,1.000,0.876,1.000,0.876,0.229,0.669,0.342,1.613,0.212,0.344,0.669,0.515,1.613,0.319,0.664,1.000,0.664,1.000,0.664,622.701
1,64,1,10,2,1500000,61142473,0.437,0.746,0.586,0.864,0.678,0.489,0.746,0.656,0.864,0.759,0.894,1.000,0.894,1.000,0.894,0.246,0.659,0.373,2.049,0.182,0.288,0.659,0.436,2.049,0.213,0.856,1.000,0.856,1.000,0.856,519.105
1,64,1,10,2,2000000,61142474,0.588,0.962,0.612,0.992,0.617,0.794,0.962,0.826,0.992,0.832,0.741,1.000,0.741,1.000,0.741,0.325,0.920,0.353,1.024,0.345,0.723,0.920,0.787,1.024,0.768,0.449,1.000,0.449,1.000,0.449,451.681
1,64,1,10,2,2500000,61142475,0.410,0.729,0.562,0.855,0.658,0.447,0.729,0.613,0.855,0.717,0.917,1.000,0.917,1.000,0.917,0.229,0.637,0.360,2.080,0.173,0.231,0.637,0.363,2.080,0.175,0.990,1.000,0.990,1.000,0.990,431.255
1,64,1,10,2,3000000,61142483,0.537,0.968,0.555,0.958,0.580,0.705,0.968,0.729,0.958,0.761,0.762,1.000,0.762,1.000,0.762,0.294,0.931,0.316,1.012,0.312,0.695,0.931,0.746,1.012,0.737,0.424,1.000,0.424,1.000,0.424,395.239
1,64,1,10,2,3500000,61142484,0.410,0.803,0.511,0.811,0.630,0.445,0.803,0.554,0.811,0.683,0.922,1.000,0.922,1.000,0.922,0.224,0.666,0.337,1.989,0.169,0.236,0.666,0.354,1.989,0.178,0.951,1.000,0.951,1.000,0.951,378.970
1,64,1,10,2,3800000,61142486,0.585,0.968,0.604,0.988,0.611,0.787,0.968,0.814,0.988,0.823,0.743,1.000,0.743,1.000,0.743,0.322,0.924,0.349,1.027,0.339,0.722,0.924,0.781,1.027,0.761,0.446,1.000,0.446,1.000,0.446,391.671
1,64,1,10,3,1000000,61142487,0.402,0.745,0.540,0.915,0.590,0.461,0.745,0.619,0.915,0.677,0.871,1.000,0.871,1.000,0.871,0.224,0.696,0.321,1.601,0.201,0.359,0.696,0.516,1.601,0.322,0.622,1.000,0.622,1.000,0.622,630.224
1,64,1,10,3,1500000,61142488,0.531,0.902,0.589,0.971,0.606,0.696,0.902,0.772,0.971,0.795,0.763,1.000,0.763,1.000,0.763,0.290,0.918,0.316,0.997,0.317,0.618,0.918,0.674,0.997,0.675,0.469,1.000,0.469,1.000,0.469,505.933
1,64,1,10,3,2000000,61142489,0.544,0.935,0.582,0.979,0.594,0.719,0.935,0.769,0.979,0.786,0.756,1.000,0.756,1.000,0.756,0.299,0.894,0.335,1.038,0.322,0.666,0.894,0.745,1.038,0.718,0.449,1.000,0.449,1.000,0.449,456.402
1,64,1,10,3,2500000,61142491,0.439,0.744,0.590,0.854,0.691,0.482,0.744,0.648,0.854,0.758,0.911,1.000,0.911,1.000,0.911,0.243,0.647,0.376,1.989,0.189,0.242,0.647,0.373,1.989,0.188,1.007,1.000,1.007,1.000,1.007,434.621
1,64,1,10,3,3000000,61142492,0.472,0.963,0.490,0.957,0.512,0.597,0.963,0.620,0.957,0.648,0.789,1.000,0.789,1.000,0.789,0.259,0.932,0.278,0.982,0.283,0.672,0.932,0.721,0.982,0.734,0.386,1.000,0.386,1.000,0.386,400.312
1,64,1,10,3,3500000,61142493,0.435,0.773,0.563,0.833,0.676,0.480,0.773,0.621,0.833,0.745,0.907,1.000,0.907,1.000,0.907,0.240,0.631,0.380,1.891,0.201,0.235,0.631,0.372,1.891,0.197,1.023,1.000,1.023,1.000,1.023,416.280
1,64,1,10,3,3800000,61142494,0.482,0.792,0.608,0.868,0.701,0.541,0.792,0.683,0.868,0.787,0.891,1.000,0.891,1.000,0.891,0.265,0.735,0.361,1.745,0.207,0.299,0.735,0.407,1.745,0.233,0.887,1.000,0.887,1.000,0.887,397.412
1,64,1,15,0,1000000,61142495,0.496,0.797,0.622,0.998,0.623,0.627,0.797,0.786,0.998,0.787,0.791,1.000,0.791,1.000,0.791,0.266,0.859,0.310,1.022,0.303,0.501,0.859,0.584,1.022,0.571,0.530,1.000,0.530,1.000,0.530,891.411
1,64,1,15,0,1500000,61142496,0.476,0.787,0.604,0.848,0.712,0.531,0.787,0.675,0.848,0.795,0.896,1.000,0.896,1.000,0.896,0.262,0.719,0.365,1.910,0.191,0.317,0.719,0.441,1.910,0.231,0.827,1.000,0.827,1.000,0.827,677.889
1,64,1,15,0,2000000,61142497,0.450,0.755,0.596,0.843,0.707,0.495,0.755,0.655,0.843,0.777,0.910,1.000,0.910,1.000,0.910,0.248,0.703,0.353,1.889,0.187,0.274,0.703,0.390,1.889,0.207,0.903,1.000,0.903,1.000,0.903,630.570
1,64,1,15,0,2500000,61142498,0.464,0.748,0.620,0.888,0.698,0.523,0.748,0.700,0.888,0.788,0.886,1.000,0.886,1.000,0.886,0.254,0.739,0.344,1.629,0.211,0.334,0.739,0.452,1.629,0.277,0.760,1.000,0.760,1.000,0.760,833.702
1,64,1,15,0,3000000,61142499,0.394,0.623,0.632,0.917,0.689,0.424,0.623,0.681,0.917,0.742,0.928,1.000,0.928,1.000,0.928,0.217,0.663,0.327,1.535,0.213,0.259,0.663,0.391,1.535,0.255,0.837,1.000,0.837,1.000,0.837,553.487
1,64,1,15,0,3500000,61142500,0.594,0.974,0.610,0.989,0.617,0.822,0.974,0.844,0.989,0.854,0.723,1.000,0.723,1.000,0.723,0.326,0.941,0.347,1.018,0.341,0.758,0.941,0.806,1.018,0.792,0.430,1.000,0.430,1.000,0.430,526.619
1,64,1,15,0,3800000,61142501,0.570,0.975,0.585,0.951,0.615,0.777,0.975,0.797,0.951,0.837,0.734,1.000,0.734,1.000,0.734,0.312,0.942,0.331,1.002,0.330,0.670,0.942,0.711,1.002,0.709,0.466,1.000,0.466,1.000,0.466,532.770
1,64,1,15,1,1000000,61142502,0.519,0.882,0.589,0.957,0.615,0.675,0.882,0.766,0.957,0.800,0.769,1.000,0.769,1.000,0.769,0.283,0.850,0.333,1.057,0.315,0.538,0.850,0.633,1.057,0.599,0.527,1.000,0.527,1.000,0.527,922.684
1,64,1,15,1,1500000,61142503,0.467,0.761,0.613,0.857,0.715,0.519,0.761,0.682,0.857,0.795,0.899,1.000,0.899,1.000,0.899,0.256,0.707,0.362,1.908,0.190,0.290,0.707,0.410,1.908,0.215,0.884,1.000,0.884,1.000,0.884,681.560
1,64,1,15,1,2000000,61142504,0.390,0.732,0.533,0.831,0.641,0.422,0.732,0.576,0.831,0.693,0.925,1.000,0.925,1.000,0.925,0.214,0.677,0.316,1.754,0.180,0.266,0.677,0.393,1.754,0.224,0.804,1.000,0.804,1.000,0.804,633.818
1,64,1,15,1,2500000,61142505,0.563,0.972,0.579,0.941,0.615,0.758,0.972,0.780,0.941,0.828,0.742,1.000,0.742,1.000,0.742,0.308,0.939,0.328,0.997,0.329,0.646,0.939,0.688,0.997,0.690,0.477,1.000,0.477,1.000,0.477,555.319
1,64,1,15,1,3000000,61142506,0.432,0.704,0.615,0.902,0.681,0.477,0.704,0.677,0.902,0.751,0.907,1.000,0.907,1.000,0.907,0.236,0.718,0.329,1.565,0.210,0.286,0.718,0.398,1.565,0.254,0.828,1.000,0.828,1.000,0.828,555.845
1,64,1,15,1,3500000,61142507,0.475,0.773,0.615,0.886,0.694,0.540,0.773,0.699,0.886,0.789,0.879,1.000,0.879,1.000,0.879,0.261,0.782,0.333,1.636,0.204,0.362,0.782,0.463,1.636,0.283,0.721,1.000,0.721,1.000,0.721,547.605
1,64,1,15,1,3800000,61142508,0.458,0.757,0.606,0.874,0.693,0.510,0.757,0.674,0.874,0.771,0.899,1.000,0.899,1.000,0.899,0.251,0.717,0.350,1.713,0.204,0.302,0.717,0.421,1.713,0.246,0.831,1.000,0.831,1.000,0.831,540.192
1,64,1,15,2,1000000,61142509,0.565,0.969,0.583,0.978,0.596,0.756,0.969,0.780,0.978,0.797,0.748,1.000,0.748,1.000,0.748,0.304,0.939,0.324,1.014,0.320,0.740,0.939,0.788,1.014,0.777,0.411,1.000,0.411,1.000,0.411,818.953
1,64,1,15,2,1500000,61142510,0.389,0.748,0.520,0.807,0.644,0.421,0.748,0.564,0.807,0.699,0.922,1.000,0.922,1.000,0.922,0.213,0.664,0.322,1.710,0.188,0.237,0.664,0.358,1.710,0.209,0.899,1.000,0.899,1.000,0.899,709.505
1,64,1,15,2,2000000,61142512,0.426,0.690,0.616,0.887,0.694,0.464,0.690,0.672,0.887,0.758,0.917,1.000,0.917,1.000,0.917,0.233,0.684,0.340,1.719,0.198,0.259,0.684,0.379,1.719,0.221,0.898,1.000,0.898,1.000,0.898,633.250
1,64,1,15,2,2500000,61142513,0.478,0.786,0.608,0.846,0.719,0.533,0.786,0.678,0.846,0.802,0.897,1.000,0.897,1.000,0.897,0.262,0.729,0.359,1.862,0.193,0.311,0.729,0.427,1.862,0.229,0.842,1.000,0.842,1.000,0.842,583.456
1,64,1,15,2,3000000,61142519,0.428,0.683,0.626,0.909,0.689,0.468,0.683,0.686,0.909,0.755,0.914,1.000,0.914,1.000,0.914,0.235,0.679,0.346,1.524,0.227,0.271,0.679,0.399,1.524,0.262,0.865,1.000,0.865,1.000,0.865,550.485
1,64,1,15,2,3500000,61142520,0.319,0.479,0.667,0.934,0.714,0.339,0.479,0.709,0.934,0.759,0.941,1.000,0.941,1.000,0.941,0.180,0.566,0.317,1.545,0.205,0.199,0.566,0.351,1.545,0.227,0.903,1.000,0.903,1.000,0.903,537.869
1,64,1,15,2,3800000,61142521,0.472,0.758,0.622,0.881,0.706,0.528,0.758,0.696,0.881,0.790,0.894,1.000,0.894,1.000,0.894,0.257,0.727,0.354,1.648,0.215,0.311,0.727,0.428,1.648,0.260,0.827,1.000,0.827,1.000,0.827,540.041
1,64,1,15,3,1000000,61142522,0.449,0.723,0.621,0.918,0.677,0.512,0.723,0.707,0.918,0.771,0.878,1.000,0.878,1.000,0.878,0.243,0.707,0.344,1.505,0.228,0.334,0.707,0.472,1.505,0.314,0.728,1.000,0.728,1.000,0.728,827.679
1,64,1,15,3,1500000,61142523,0.476,0.768,0.620,0.864,0.717,0.533,0.768,0.694,0.864,0.803,0.892,1.000,0.892,1.000,0.892,0.260,0.734,0.354,1.840,0.192,0.341,0.734,0.465,1.840,0.253,0.761,1.000,0.761,1.000,0.761,686.058
1,64,1,15,3,2000000,61142524,0.451,0.725,0.622,0.873,0.713,0.497,0.725,0.685,0.873,0.785,0.908,1.000,0.908,1.000,0.908,0.246,0.691,0.356,1.811,0.196,0.268,0.691,0.387,1.811,0.214,0.918,1.000,0.918,1.000,0.918,615.969
1,64,1,15,3,2500000,61142525,0.481,0.783,0.614,0.855,0.718,0.541,0.783,0.690,0.855,0.807,0.889,1.000,0.889,1.000,0.889,0.262,0.733,0.358,1.791,0.200,0.343,0.733,0.468,1.791,0.261,0.764,1.000,0.764,1.000,0.764,580.298
1,64,1,15,3,3000000,61142526,0.415,0.703,0.590,0.885,0.666,0.453,0.703,0.644,0.885,0.728,0.916,1.000,0.916,1.000,0.916,0.226,0.660,0.343,1.657,0.207,0.259,0.660,0.393,1.657,0.237,0.872,1.000,0.872,1.000,0.872,542.244
1,64,1,15,3,3500000,61142527,0.468,0.748,0.626,0.888,0.705,0.525,0.748,0.702,0.888,0.790,0.893,1.000,0.893,1.000,0.893,0.253,0.765,0.331,1.604,0.207,0.318,0.765,0.416,1.604,0.260,0.796,1.000,0.796,1.000,0.796,538.222
1,64,1,15,3,3800000,61142528,0.451,0.714,0.631,0.903,0.700,0.497,0.714,0.697,0.903,0.772,0.906,1.000,0.906,1.000,0.906,0.245,0.694,0.353,1.542,0.229,0.280,0.694,0.403,1.542,0.261,0.877,1.000,0.877,1.000,0.877,539.219
