nodes,taskspernode,threadspertask,s,cpufreq,slurm_job_id,cnt,tpe,tlb,tce,tse,tte,tmpe,tmlb,tmce,tmse,tmte,tope,tolb,toce,tose,tote,epe,elb,ece,ese,ete,empe,emlb,emce,emse,emte,eope,eolb,eoce,eose,eote,total_time
1,1,96,1,1000000,60734053,1.0,0.416,0.921,0.452,0.513,0.88,0.893,1.0,0.893,1.0,0.893,0.466,0.921,0.506,0.513,0.986,0.011,1.364,0.008,0.623,0.014,0.122,1.0,0.122,1.0,0.122,0.095,1.364,0.069,0.623,0.111,17.285
1,1,96,1,1500000,60734054,1.0,0.417,0.906,0.46,0.525,0.878,0.89,1.0,0.89,1.0,0.89,0.469,0.906,0.517,0.525,0.986,0.013,2.27,0.006,0.413,0.013,0.125,1.0,0.125,1.0,0.125,0.1,2.27,0.044,0.413,0.107,13.248
1,1,96,1,2000000,60734055,1.0,0.398,0.923,0.432,0.475,0.909,0.932,1.0,0.932,1.0,0.932,0.427,0.923,0.463,0.475,0.975,0.095,1.061,0.09,5.51,0.016,0.247,1.0,0.247,1.0,0.247,0.386,1.061,0.363,5.51,0.066,16.606
1,1,96,1,2500000,60734056,1.0,0.385,0.942,0.409,0.509,0.803,0.812,1.0,0.812,1.0,0.812,0.474,0.942,0.503,0.509,0.989,0.011,0.883,0.013,0.912,0.014,0.085,1.0,0.085,1.0,0.085,0.131,0.883,0.148,0.912,0.163,7.575
1,1,96,1,3000000,60734057,1.0,0.38,0.924,0.411,0.52,0.791,0.8,1.0,0.8,1.0,0.8,0.475,0.924,0.514,0.52,0.99,0.012,1.733,0.007,0.434,0.016,0.101,1.0,0.101,1.0,0.101,0.122,1.733,0.071,0.434,0.163,7.106
1,1,96,1,3500000,60734058,1.0,0.384,0.907,0.424,0.531,0.799,0.807,1.0,0.807,1.0,0.807,0.476,0.907,0.525,0.531,0.99,0.014,0.924,0.016,1.004,0.016,0.098,1.0,0.098,1.0,0.098,0.147,0.924,0.159,1.004,0.158,6.506
1,1,96,1,3800000,60734059,1.0,0.372,0.904,0.412,0.519,0.793,0.802,1.0,0.802,1.0,0.802,0.464,0.904,0.514,0.519,0.989,0.013,1.428,0.009,0.336,0.027,0.155,1.0,0.155,1.0,0.155,0.082,1.428,0.057,0.336,0.171,6.195
1,1,96,5,1000000,60734060,1.0,0.423,0.933,0.453,0.468,0.968,0.999,1.0,0.999,1.0,0.999,0.423,0.933,0.454,0.468,0.969,0.094,1.235,0.076,3.917,0.019,0.961,1.0,0.961,1.0,0.961,0.098,1.235,0.079,3.917,0.02,905.271
1,1,96,5,1500000,60734061,1.0,0.42,0.925,0.454,0.468,0.968,0.999,1.0,0.999,1.0,0.999,0.42,0.925,0.454,0.468,0.969,0.103,1.177,0.088,4.517,0.019,0.964,1.0,0.964,1.0,0.964,0.107,1.177,0.091,4.517,0.02,837.225
1,1,96,5,2000000,60734062,1.0,0.423,0.899,0.47,0.484,0.971,0.999,1.0,0.999,1.0,0.999,0.423,0.899,0.471,0.484,0.972,0.102,1.214,0.084,4.956,0.017,0.961,1.0,0.961,1.0,0.961,0.106,1.214,0.087,4.956,0.018,795.133
1,1,96,5,2500000,60734063,1.0,0.489,0.964,0.507,0.515,0.985,0.997,1.0,0.997,1.0,0.997,0.491,0.964,0.509,0.515,0.988,0.013,1.438,0.009,0.794,0.011,0.817,1.0,0.817,1.0,0.817,0.016,1.438,0.011,0.794,0.014,212.89
1,1,96,5,3000000,60734064,1.0,0.485,0.972,0.499,0.507,0.985,0.997,1.0,0.997,1.0,0.997,0.487,0.972,0.501,0.507,0.988,0.014,1.446,0.01,0.872,0.011,0.817,1.0,0.817,1.0,0.817,0.017,1.446,0.012,0.872,0.013,194.108
1,1,96,5,3500000,60734065,1.0,0.491,0.965,0.509,0.517,0.985,0.996,1.0,0.996,1.0,0.996,0.493,0.965,0.511,0.517,0.988,0.013,1.581,0.008,0.724,0.011,0.818,1.0,0.818,1.0,0.818,0.016,1.581,0.01,0.724,0.014,194.199
1,1,96,5,3800000,60734066,1.0,0.486,0.968,0.502,0.509,0.985,0.997,1.0,0.997,1.0,0.997,0.487,0.968,0.503,0.509,0.988,0.014,1.488,0.009,0.749,0.012,0.835,1.0,0.835,1.0,0.835,0.016,1.488,0.011,0.749,0.015,191.432
1,1,96,10,1000000,60734067,1.0,0.419,0.915,0.458,0.474,0.965,1.0,1.0,1.0,1.0,1.0,0.419,0.915,0.458,0.474,0.965,0.478,1.198,0.399,3.867,0.103,0.989,1.0,0.989,1.0,0.989,0.484,1.198,0.404,3.867,0.104,2927.496
1,1,96,10,1500000,60734068,1.0,0.419,0.925,0.453,0.468,0.969,1.0,1.0,1.0,1.0,1.0,0.419,0.925,0.453,0.468,0.969,0.566,1.156,0.489,4.711,0.104,0.987,1.0,0.987,1.0,0.987,0.573,1.156,0.496,4.711,0.105,2605.123
1,1,96,10,2000000,60734069,1.0,0.415,0.947,0.438,0.451,0.971,1.0,1.0,1.0,1.0,1.0,0.415,0.947,0.438,0.451,0.971,0.566,1.135,0.499,5.582,0.089,0.987,1.0,0.987,1.0,0.987,0.573,1.135,0.505,5.582,0.091,2503.97
1,1,96,10,2500000,60734070,1.0,0.488,0.966,0.505,0.512,0.987,0.999,1.0,0.999,1.0,0.999,0.488,0.966,0.506,0.512,0.988,0.015,1.444,0.01,0.907,0.011,0.934,1.0,0.934,1.0,0.934,0.016,1.444,0.011,0.907,0.012,641.167
1,1,96,10,3000000,60734071,1.0,0.49,0.97,0.505,0.512,0.987,0.999,1.0,0.999,1.0,0.999,0.491,0.97,0.506,0.512,0.988,0.015,1.442,0.01,0.889,0.011,0.931,1.0,0.931,1.0,0.931,0.016,1.442,0.011,0.889,0.012,623.082
1,1,96,10,3500000,60734072,1.0,0.486,0.968,0.502,0.509,0.987,0.999,1.0,0.999,1.0,0.999,0.487,0.968,0.503,0.509,0.988,0.015,1.456,0.01,0.857,0.012,0.939,1.0,0.939,1.0,0.939,0.016,1.456,0.011,0.857,0.013,615.245
1,1,96,10,3800000,60734073,1.0,0.491,0.965,0.509,0.515,0.987,0.999,1.0,0.999,1.0,0.999,0.491,0.965,0.509,0.515,0.988,0.015,1.515,0.01,0.858,0.011,0.937,1.0,0.937,1.0,0.937,0.016,1.515,0.01,0.858,0.012,624.158
1,1,96,20,1000000,60734074,,,,,,,,,,,,,,,,,,,,,,,,,,,,,,,,
1,1,96,20,1500000,60734075,1.0,0.412,0.947,0.434,0.448,0.969,1.0,1.0,1.0,1.0,1.0,0.412,0.947,0.434,0.448,0.969,5.51,1.118,4.928,4.936,0.998,0.995,1.0,0.995,1.0,0.995,5.539,1.118,4.954,4.936,1.004,6546.859
1,1,96,20,2000000,60734076,1.0,0.41,0.942,0.436,0.449,0.97,1.0,1.0,1.0,1.0,1.0,0.41,0.942,0.436,0.449,0.97,2.597,1.125,2.309,5.448,0.424,0.994,1.0,0.994,1.0,0.994,2.612,1.125,2.322,5.448,0.426,6149.48
1,1,96,20,2500000,60734077,1.0,0.482,0.97,0.497,0.504,0.985,1.0,1.0,1.0,1.0,1.0,0.482,0.97,0.497,0.504,0.986,0.052,1.351,0.039,1.035,0.037,0.973,1.0,0.973,1.0,0.973,0.053,1.351,0.04,1.035,0.038,1721.795
1,1,96,20,3000000,60734078,1.0,0.485,0.969,0.5,0.507,0.986,1.0,1.0,1.0,1.0,1.0,0.485,0.969,0.5,0.507,0.986,0.068,1.354,0.05,1.186,0.042,0.975,1.0,0.975,1.0,0.975,0.07,1.354,0.052,1.186,0.044,1472.981
1,1,96,20,3500000,60734079,1.0,0.482,0.966,0.499,0.507,0.985,0.999,1.0,0.999,1.0,0.999,0.482,0.966,0.499,0.507,0.985,0.064,1.361,0.047,1.19,0.04,0.973,1.0,0.973,1.0,0.973,0.066,1.361,0.049,1.19,0.041,1487.512
1,1,96,20,3800000,60734080,1.0,0.489,0.964,0.508,0.515,0.986,1.0,1.0,1.0,1.0,1.0,0.49,0.964,0.508,0.515,0.986,0.071,1.334,0.053,1.117,0.048,0.975,1.0,0.975,1.0,0.975,0.073,1.334,0.055,1.117,0.049,1439.801
1,8,12,1,1000000,60734081,1.0,0.144,0.796,0.181,0.472,0.384,0.351,0.898,0.391,0.998,0.392,0.411,0.887,0.464,0.473,0.98,0.016,0.173,0.092,0.983,0.093,0.134,0.252,0.535,1.002,0.534,0.118,0.689,0.172,0.982,0.175,92.775
1,8,12,1,1500000,60734082,1.0,0.158,0.832,0.19,0.483,0.392,0.369,0.931,0.396,0.988,0.401,0.428,0.893,0.479,0.489,0.979,0.018,0.221,0.08,0.998,0.08,0.066,0.291,0.226,1.001,0.225,0.268,0.759,0.353,0.996,0.354,79.366
1,8,12,1,2000000,60734083,1.0,0.219,0.86,0.254,0.492,0.518,0.513,0.965,0.532,0.998,0.533,0.427,0.891,0.478,0.492,0.972,0.023,0.879,0.026,0.387,0.067,0.197,0.833,0.237,0.999,0.237,0.116,1.055,0.11,0.387,0.284,71.322
1,8,12,1,2500000,60734084,1.0,0.188,0.84,0.223,0.52,0.43,0.411,0.948,0.433,0.984,0.441,0.456,0.886,0.515,0.528,0.975,0.02,0.952,0.021,0.366,0.057,0.196,0.817,0.239,1.017,0.235,0.102,1.165,0.087,0.36,0.243,36.517
1,8,12,1,3000000,60734085,1.0,0.147,0.8,0.184,0.476,0.387,0.349,0.913,0.382,0.97,0.394,0.422,0.876,0.482,0.491,0.981,0.017,0.197,0.085,0.939,0.09,0.051,0.273,0.185,0.969,0.191,0.329,0.72,0.458,0.969,0.472,34.61
1,8,12,1,3500000,60734086,1.0,0.164,0.857,0.191,0.532,0.359,0.353,0.966,0.365,0.995,0.367,0.465,0.887,0.523,0.535,0.979,0.018,0.921,0.02,0.495,0.04,0.127,0.803,0.159,1.091,0.146,0.142,1.146,0.124,0.454,0.274,31.703
1,8,12,1,3800000,60734087,1.0,0.238,0.851,0.279,0.54,0.517,0.509,0.958,0.531,0.996,0.534,0.467,0.889,0.526,0.542,0.97,0.025,0.835,0.03,0.724,0.041,0.129,0.762,0.169,1.418,0.119,0.192,1.096,0.175,0.51,0.344,30.939
1,8,12,5,1000000,60734088,1.0,0.408,0.843,0.484,0.539,0.898,0.902,0.954,0.946,0.995,0.952,0.452,0.885,0.511,0.541,0.944,0.037,1.042,0.036,0.478,0.075,0.546,0.948,0.575,1.002,0.574,0.068,1.099,0.062,0.477,0.13,335.185
1,8,12,5,1500000,60734089,1.0,0.412,0.846,0.487,0.539,0.904,0.895,0.939,0.954,0.997,0.957,0.46,0.901,0.511,0.54,0.945,0.037,1.015,0.037,0.506,0.073,0.702,0.922,0.761,1.044,0.729,0.053,1.101,0.048,0.484,0.1,282.505
1,8,12,5,2000000,60734090,1.0,0.415,0.817,0.508,0.555,0.915,0.89,0.925,0.962,0.995,0.967,0.467,0.884,0.528,0.558,0.946,0.038,1.016,0.037,0.513,0.072,0.522,0.922,0.566,1.08,0.524,0.072,1.103,0.065,0.475,0.137,262.733
1,8,12,5,2500000,60734091,1.0,0.404,0.853,0.474,0.53,0.894,0.897,0.957,0.938,0.994,0.943,0.45,0.891,0.506,0.533,0.948,0.036,1.021,0.035,0.44,0.08,0.566,0.922,0.614,1.0,0.614,0.063,1.107,0.057,0.44,0.13,133.739
1,8,12,5,3000000,60734092,1.0,0.407,0.838,0.485,0.544,0.893,0.88,0.947,0.929,0.988,0.94,0.462,0.885,0.523,0.55,0.95,0.036,1.018,0.036,0.475,0.075,0.489,0.915,0.535,1.015,0.527,0.074,1.113,0.067,0.467,0.143,123.16
1,8,12,5,3500000,60734093,1.0,0.408,0.824,0.495,0.546,0.906,0.878,0.928,0.946,0.994,0.952,0.465,0.888,0.523,0.55,0.952,0.037,1.025,0.036,0.485,0.074,0.424,0.915,0.463,0.992,0.467,0.087,1.12,0.078,0.489,0.159,117.044
1,8,12,5,3800000,60734094,1.0,0.415,0.839,0.495,0.541,0.915,0.903,0.945,0.956,0.992,0.964,0.46,0.888,0.518,0.546,0.949,0.037,1.009,0.037,0.495,0.074,0.454,0.902,0.504,1.002,0.503,0.082,1.118,0.073,0.493,0.148,118.389
1,8,12,10,1000000,60734095,1.0,0.414,0.844,0.491,0.539,0.911,0.912,0.95,0.96,0.993,0.967,0.454,0.888,0.511,0.542,0.942,0.041,1.022,0.04,0.499,0.08,0.535,0.942,0.568,0.999,0.568,0.076,1.085,0.07,0.5,0.141,735.843
1,8,12,10,1500000,60734096,1.0,0.415,0.85,0.489,0.532,0.918,0.919,0.948,0.969,0.996,0.973,0.452,0.896,0.505,0.535,0.944,0.04,1.004,0.04,0.527,0.077,0.466,0.926,0.502,1.009,0.498,0.087,1.084,0.08,0.522,0.154,618.15
1,8,12,10,2000000,60734097,1.0,0.418,0.841,0.497,0.543,0.915,0.903,0.939,0.961,0.994,0.967,0.463,0.896,0.517,0.547,0.945,0.041,1.003,0.041,0.543,0.075,0.494,0.917,0.539,1.073,0.503,0.082,1.094,0.075,0.507,0.148,560.652
1,8,12,10,2500000,60734098,1.0,0.413,0.846,0.489,0.539,0.908,0.912,0.96,0.95,0.991,0.959,0.453,0.881,0.514,0.544,0.946,0.04,1.013,0.04,0.518,0.077,0.466,0.915,0.509,0.991,0.514,0.087,1.107,0.078,0.523,0.15,292.125
1,8,12,10,3000000,60734099,1.0,0.415,0.844,0.492,0.54,0.91,0.904,0.95,0.952,0.992,0.96,0.459,0.888,0.517,0.545,0.948,0.041,1.013,0.041,0.555,0.074,0.408,0.92,0.444,0.999,0.444,0.102,1.101,0.092,0.556,0.166,269.889
1,8,12,10,3500000,60734100,1.0,0.419,0.836,0.502,0.543,0.923,0.908,0.941,0.965,0.99,0.974,0.462,0.888,0.52,0.549,0.948,0.042,1.031,0.04,0.523,0.077,0.492,0.933,0.527,1.028,0.513,0.085,1.106,0.077,0.509,0.151,253.552
1,8,12,10,3800000,60734101,1.0,0.418,0.834,0.502,0.544,0.922,0.914,0.944,0.968,0.994,0.973,0.458,0.883,0.519,0.547,0.948,0.041,1.027,0.04,0.527,0.076,0.465,0.929,0.5,1.007,0.497,0.089,1.106,0.08,0.523,0.154,255.573
1,8,12,20,1000000,60734102,1.0,0.417,0.847,0.493,0.539,0.914,0.926,0.956,0.97,0.995,0.975,0.45,0.887,0.508,0.542,0.938,0.049,0.946,0.052,0.629,0.082,0.486,0.863,0.564,0.987,0.571,0.1,1.097,0.092,0.638,0.144,1568.802
1,8,12,20,1500000,60734103,1.0,0.423,0.856,0.494,0.541,0.912,0.922,0.954,0.967,0.995,0.971,0.458,0.897,0.511,0.544,0.939,0.049,0.925,0.053,0.663,0.08,0.535,0.843,0.634,1.065,0.595,0.092,1.098,0.083,0.622,0.134,1318.709
1,8,12,20,2000000,60734104,1.0,0.421,0.847,0.497,0.546,0.909,0.911,0.949,0.961,0.995,0.965,0.462,0.893,0.517,0.549,0.942,0.048,0.908,0.053,0.694,0.077,0.501,0.823,0.609,1.12,0.544,0.097,1.104,0.087,0.62,0.141,1225.072
1,8,12,20,2500000,60734105,1.0,0.422,0.854,0.494,0.538,0.918,0.937,0.965,0.971,0.997,0.974,0.45,0.885,0.509,0.54,0.943,0.047,0.934,0.051,0.641,0.079,0.525,0.841,0.624,1.026,0.608,0.09,1.111,0.081,0.625,0.13,604.491
1,8,12,20,3000000,60734106,1.0,0.419,0.854,0.491,0.539,0.91,0.917,0.96,0.955,0.992,0.963,0.457,0.89,0.514,0.544,0.945,0.048,0.922,0.052,0.671,0.078,0.453,0.829,0.546,1.002,0.545,0.107,1.111,0.096,0.67,0.144,565.082
1,8,12,20,3500000,60734107,1.0,0.424,0.842,0.503,0.548,0.918,0.922,0.952,0.968,0.996,0.973,0.46,0.884,0.52,0.55,0.944,0.05,0.9,0.055,0.723,0.076,0.442,0.798,0.553,1.047,0.529,0.112,1.128,0.1,0.691,0.144,559.402
1,8,12,20,3800000,60734108,1.0,0.423,0.848,0.499,0.54,0.925,0.928,0.952,0.974,0.995,0.98,0.456,0.89,0.513,0.543,0.944,0.049,0.943,0.052,0.685,0.076,0.499,0.844,0.591,1.032,0.573,0.099,1.118,0.088,0.664,0.133,547.042
1,27,3,1,1000000,60734109,1.0,0.117,0.744,0.158,0.548,0.288,0.287,0.957,0.3,0.986,0.304,0.409,0.777,0.526,0.557,0.946,0.044,0.913,0.048,0.58,0.083,0.092,0.633,0.146,1.031,0.142,0.478,1.442,0.331,0.562,0.589,150.228
1,27,3,1,1500000,60734110,1.0,0.174,0.735,0.236,0.57,0.415,0.425,0.948,0.448,0.995,0.451,0.409,0.776,0.527,0.572,0.921,0.066,0.579,0.114,0.973,0.118,0.148,0.439,0.337,1.064,0.317,0.447,1.317,0.34,0.914,0.371,121.102
1,27,3,1,2000000,60734111,1.0,0.204,0.719,0.284,0.579,0.491,0.482,0.971,0.496,0.913,0.543,0.424,0.74,0.573,0.634,0.904,0.082,1.016,0.081,1.334,0.061,0.224,0.686,0.326,2.619,0.125,0.367,1.48,0.248,0.509,0.486,104.767
1,27,3,1,2500000,60734112,1.0,0.195,0.739,0.264,0.567,0.466,0.47,0.948,0.496,0.972,0.511,0.415,0.779,0.532,0.583,0.912,0.075,0.595,0.127,0.953,0.133,0.18,0.452,0.398,1.048,0.379,0.419,1.317,0.318,0.909,0.35,98.803
1,27,3,1,3000000,60734113,1.0,0.151,0.716,0.211,0.601,0.351,0.342,0.937,0.365,0.97,0.376,0.441,0.765,0.577,0.619,0.932,0.063,0.64,0.098,1.012,0.097,0.086,0.48,0.18,1.14,0.158,0.728,1.334,0.545,0.888,0.614,89.788
1,27,3,1,3500000,60734114,1.0,0.194,0.742,0.261,0.55,0.476,0.459,0.974,0.471,0.904,0.521,0.423,0.762,0.555,0.608,0.912,0.082,0.925,0.089,1.156,0.077,0.223,0.628,0.355,2.505,0.142,0.368,1.472,0.25,0.462,0.541,83.544
1,27,3,1,3800000,60734115,1.0,0.2,0.741,0.269,0.504,0.535,0.478,0.949,0.504,0.859,0.586,0.418,0.781,0.535,0.586,0.912,0.076,0.587,0.129,0.717,0.18,0.159,0.458,0.346,0.914,0.379,0.478,1.281,0.373,0.785,0.476,86.837
1,27,3,5,1000000,60734116,1.0,0.276,0.716,0.385,0.565,0.682,0.722,0.931,0.775,0.995,0.779,0.382,0.769,0.497,0.568,0.875,0.102,0.889,0.115,0.618,0.186,0.339,0.636,0.532,1.006,0.529,0.301,1.398,0.215,0.614,0.351,314.856
1,27,3,5,1500000,60734117,1.0,0.271,0.716,0.378,0.592,0.639,0.666,0.941,0.709,0.975,0.727,0.406,0.761,0.534,0.607,0.879,0.1,0.888,0.113,0.704,0.16,0.318,0.634,0.502,1.255,0.399,0.315,1.401,0.225,0.561,0.401,266.437
1,27,3,5,2000000,60734118,1.0,0.314,0.707,0.444,0.592,0.75,0.792,0.921,0.86,0.989,0.869,0.396,0.768,0.516,0.599,0.863,0.115,0.618,0.186,0.968,0.192,0.378,0.515,0.735,1.083,0.679,0.303,1.201,0.253,0.893,0.283,220.364
1,27,3,5,2500000,60734119,1.0,0.31,0.699,0.444,0.673,0.66,0.72,0.939,0.766,0.999,0.767,0.431,0.745,0.579,0.673,0.86,0.118,0.967,0.122,6.897,0.018,0.38,0.68,0.559,10.576,0.053,0.311,1.422,0.219,0.652,0.336,187.834
1,27,3,5,3000000,60734120,1.0,0.288,0.7,0.412,0.623,0.661,0.669,0.925,0.724,0.958,0.755,0.43,0.756,0.569,0.65,0.875,0.106,0.678,0.156,11.242,0.014,0.221,0.493,0.449,14.211,0.032,0.478,1.377,0.347,0.791,0.439,190.75
1,27,3,5,3500000,60734121,1.0,0.332,0.724,0.459,0.64,0.717,0.806,0.962,0.838,0.999,0.839,0.412,0.753,0.548,0.641,0.855,0.124,0.932,0.133,6.627,0.02,0.343,0.648,0.529,10.577,0.05,0.361,1.439,0.251,0.627,0.401,171.721
1,27,3,5,3800000,60734122,1.0,0.339,0.69,0.491,0.674,0.729,0.779,0.913,0.854,0.998,0.856,0.435,0.756,0.575,0.675,0.852,0.126,0.972,0.13,40.489,0.003,0.391,0.671,0.582,67.196,0.009,0.323,1.448,0.223,0.603,0.37,175.38
1,27,3,10,1000000,60734123,1.0,0.306,0.709,0.432,0.597,0.725,0.807,0.959,0.842,1.0,0.842,0.38,0.739,0.514,0.597,0.861,0.115,0.866,0.133,6.846,0.019,0.273,0.626,0.435,9.135,0.048,0.423,1.382,0.306,0.749,0.409,539.589
1,27,3,10,1500000,60734124,1.0,0.32,0.696,0.46,0.641,0.717,0.804,0.959,0.839,1.0,0.839,0.398,0.726,0.548,0.641,0.855,0.121,0.913,0.133,38.537,0.003,0.296,0.656,0.452,53.46,0.008,0.409,1.393,0.294,0.721,0.407,429.408
1,27,3,10,2000000,60734125,1.0,0.34,0.696,0.489,0.667,0.734,0.817,0.946,0.864,1.0,0.864,0.416,0.736,0.566,0.667,0.849,0.129,0.983,0.131,33.841,0.004,0.424,0.699,0.606,58.368,0.01,0.304,1.406,0.216,0.58,0.372,391.944
1,27,3,10,2500000,60734126,1.0,0.35,0.704,0.497,0.67,0.742,0.83,0.948,0.876,1.0,0.876,0.421,0.742,0.568,0.67,0.847,0.132,0.924,0.142,12.086,0.012,0.353,0.655,0.538,16.902,0.032,0.373,1.411,0.265,0.715,0.37,328.542
1,27,3,10,3000000,60734127,1.0,0.353,0.719,0.491,0.661,0.743,0.852,0.971,0.877,0.999,0.877,0.415,0.74,0.56,0.661,0.847,0.133,0.948,0.14,13.035,0.011,0.4,0.666,0.6,20.66,0.029,0.333,1.424,0.234,0.631,0.371,311.863
1,27,3,10,3500000,60734128,1.0,0.348,0.739,0.472,0.636,0.742,0.851,0.976,0.871,1.0,0.872,0.41,0.757,0.541,0.636,0.851,0.131,0.95,0.138,11.107,0.012,0.336,0.663,0.507,15.254,0.033,0.39,1.433,0.272,0.728,0.373,300.809
1,27,3,10,3800000,60734129,1.0,0.34,0.724,0.47,0.646,0.728,0.817,0.96,0.851,0.999,0.852,0.416,0.754,0.552,0.646,0.855,0.128,0.904,0.141,104.816,0.001,0.39,0.637,0.613,177.395,0.003,0.327,1.419,0.23,0.591,0.39,299.204
1,27,3,20,1000000,60734130,1.0,0.317,0.732,0.432,0.602,0.718,0.81,0.951,0.851,1.0,0.851,0.391,0.769,0.508,0.602,0.844,0.144,0.83,0.174,42.556,0.004,0.333,0.637,0.522,53.074,0.01,0.433,1.303,0.332,0.802,0.414,1076.632
1,27,3,20,1500000,60734131,1.0,0.316,0.735,0.431,0.584,0.737,0.81,0.955,0.848,0.978,0.867,0.391,0.769,0.508,0.597,0.851,0.137,0.813,0.168,1.574,0.107,0.315,0.617,0.511,1.893,0.27,0.433,1.319,0.328,0.831,0.395,867.708
1,27,3,20,2000000,60734132,1.0,0.343,0.723,0.475,0.655,0.724,0.821,0.949,0.864,1.0,0.865,0.418,0.762,0.549,0.655,0.838,0.148,0.881,0.168,19.971,0.008,0.439,0.661,0.664,30.999,0.021,0.338,1.333,0.253,0.644,0.393,711.434
1,27,3,20,2500000,60734133,1.0,0.354,0.723,0.49,0.672,0.729,0.834,0.955,0.873,1.0,0.873,0.425,0.758,0.561,0.672,0.835,0.15,0.897,0.168,48.715,0.003,0.366,0.665,0.55,60.817,0.009,0.411,1.349,0.305,0.801,0.381,637.904
1,27,3,20,3000000,60734134,1.0,0.363,0.732,0.495,0.669,0.741,0.851,0.96,0.887,0.998,0.888,0.426,0.763,0.559,0.67,0.834,0.154,0.935,0.164,56.85,0.003,0.397,0.684,0.58,73.261,0.008,0.387,1.366,0.283,0.776,0.365,595.781
1,27,3,20,3500000,60734135,1.0,0.353,0.743,0.475,0.641,0.741,0.847,0.961,0.882,1.0,0.882,0.416,0.774,0.538,0.641,0.84,0.149,0.897,0.166,185.963,0.001,0.343,0.659,0.52,225.734,0.002,0.434,1.361,0.319,0.824,0.387,568.966
1,27,3,20,3800000,60734136,1.0,0.356,0.747,0.476,0.646,0.736,0.85,0.969,0.877,1.0,0.878,0.418,0.771,0.542,0.647,0.838,0.15,0.898,0.167,48.012,0.003,0.357,0.658,0.542,58.457,0.009,0.42,1.364,0.308,0.821,0.375,569.348
1,64,1,1,1000000,60734137,1.0,0.165,0.816,0.202,0.957,0.211,0.176,0.816,0.215,0.957,0.225,0.939,1.0,0.939,1.0,0.939,0.091,0.682,0.133,1.319,0.101,0.19,0.682,0.279,1.319,0.211,0.476,1.0,0.476,1.0,0.476,311.396
1,64,1,1,1500000,60734138,1.0,0.15,0.842,0.179,0.794,0.225,0.156,0.842,0.185,0.794,0.233,0.965,1.0,0.965,1.0,0.965,0.086,0.494,0.174,2.491,0.07,0.097,0.494,0.197,2.491,0.079,0.885,1.0,0.885,1.0,0.885,252.691
1,64,1,1,2000000,60734139,1.0,0.275,0.961,0.286,0.989,0.289,0.313,0.961,0.326,0.989,0.329,0.878,1.0,0.878,1.0,0.878,0.151,0.894,0.169,1.066,0.158,0.274,0.894,0.306,1.066,0.287,0.551,1.0,0.551,1.0,0.551,230.096
1,64,1,1,2500000,60734140,1.0,0.274,0.963,0.284,0.987,0.288,0.312,0.963,0.324,0.987,0.328,0.878,1.0,0.878,1.0,0.878,0.159,0.908,0.175,1.006,0.174,0.238,0.908,0.262,1.006,0.261,0.668,1.0,0.668,1.0,0.668,201.52
1,64,1,1,3000000,60734141,1.0,0.234,0.971,0.241,0.992,0.243,0.262,0.971,0.269,0.992,0.272,0.895,1.0,0.895,1.0,0.895,0.127,0.911,0.139,1.065,0.13,0.439,0.911,0.482,1.065,0.452,0.288,1.0,0.288,1.0,0.288,198.346
1,64,1,1,3500000,60734142,1.0,0.229,0.968,0.237,0.984,0.241,0.255,0.968,0.263,0.984,0.268,0.899,1.0,0.899,1.0,0.899,0.124,0.629,0.197,1.528,0.129,0.176,0.629,0.28,1.528,0.183,0.704,1.0,0.704,1.0,0.704,199.338
1,64,1,1,3800000,60734143,1.0,0.301,0.972,0.309,0.992,0.312,0.348,0.972,0.358,0.992,0.361,0.865,1.0,0.865,1.0,0.865,0.168,0.911,0.184,1.041,0.177,0.232,0.911,0.254,1.041,0.244,0.723,1.0,0.723,1.0,0.723,192.213
1,64,1,5,1000000,60734144,1.0,0.433,0.957,0.453,0.852,0.532,0.533,0.957,0.558,0.852,0.655,0.812,1.0,0.812,1.0,0.812,0.236,0.928,0.254,0.989,0.257,0.415,0.928,0.447,0.989,0.452,0.568,1.0,0.568,1.0,0.568,463.293
1,64,1,5,1500000,60734145,1.0,0.383,0.764,0.501,0.839,0.598,0.422,0.764,0.552,0.839,0.659,0.908,1.0,0.908,1.0,0.908,0.216,0.591,0.366,2.225,0.164,0.27,0.591,0.457,2.225,0.205,0.801,1.0,0.801,1.0,0.801,348.16
1,64,1,5,2000000,60734146,1.0,0.368,0.742,0.495,0.84,0.59,0.398,0.742,0.536,0.84,0.638,0.924,1.0,0.924,1.0,0.924,0.206,0.622,0.332,2.172,0.153,0.238,0.622,0.383,2.172,0.176,0.866,1.0,0.866,1.0,0.866,327.068
1,64,1,5,2500000,60734147,1.0,0.392,0.759,0.516,0.837,0.616,0.427,0.759,0.563,0.837,0.672,0.917,1.0,0.917,1.0,0.917,0.218,0.615,0.355,2.173,0.164,0.235,0.615,0.383,2.173,0.176,0.928,1.0,0.928,1.0,0.928,298.999
1,64,1,5,3000000,60734148,1.0,0.534,0.952,0.561,0.987,0.569,0.7,0.952,0.735,0.987,0.745,0.763,1.0,0.763,1.0,0.763,0.293,0.905,0.323,1.011,0.32,0.693,0.905,0.765,1.011,0.757,0.423,1.0,0.423,1.0,0.423,292.827
1,64,1,5,3500000,60734149,1.0,0.465,0.796,0.584,0.873,0.669,0.525,0.796,0.659,0.873,0.755,0.886,1.0,0.886,1.0,0.886,0.255,0.7,0.364,1.704,0.214,0.291,0.7,0.415,1.704,0.244,0.877,1.0,0.877,1.0,0.877,287.193
1,64,1,5,3800000,60734150,1.0,0.43,0.771,0.558,0.87,0.641,0.476,0.771,0.617,0.87,0.709,0.904,1.0,0.904,1.0,0.904,0.236,0.603,0.392,1.705,0.23,0.238,0.603,0.395,1.705,0.232,0.991,1.0,0.991,1.0,0.991,280.528
1,64,1,10,1000000,60734151,1.0,0.509,0.818,0.622,0.997,0.624,0.652,0.818,0.798,0.997,0.8,0.78,1.0,0.78,1.0,0.78,0.281,0.832,0.338,1.062,0.318,0.53,0.832,0.637,1.062,0.6,0.53,1.0,0.53,1.0,0.53,662.571
1,64,1,10,1500000,60734152,1.0,0.548,0.936,0.586,0.962,0.608,0.718,0.936,0.767,0.962,0.797,0.763,1.0,0.763,1.0,0.763,0.303,0.896,0.339,1.021,0.332,0.653,0.896,0.729,1.021,0.714,0.465,1.0,0.465,1.0,0.465,535.473
1,64,1,10,2000000,60734153,1.0,0.409,0.748,0.546,0.833,0.656,0.449,0.748,0.6,0.833,0.72,0.911,1.0,0.911,1.0,0.911,0.23,0.649,0.354,1.843,0.192,0.252,0.649,0.389,1.843,0.211,0.91,1.0,0.91,1.0,0.91,474.445
1,64,1,10,2500000,60734154,1.0,0.444,0.748,0.593,0.861,0.688,0.49,0.748,0.655,0.861,0.761,0.905,1.0,0.905,1.0,0.905,0.247,0.656,0.376,1.929,0.195,0.245,0.656,0.373,1.929,0.193,1.009,1.0,1.009,1.0,1.009,426.853
1,64,1,10,3000000,60734155,1.0,0.479,0.805,0.594,0.849,0.7,0.538,0.805,0.668,0.849,0.787,0.89,1.0,0.89,1.0,0.89,0.265,0.697,0.381,1.891,0.201,0.285,0.697,0.41,1.891,0.217,0.929,1.0,0.929,1.0,0.929,421.88
1,64,1,10,3500000,60734156,1.0,0.466,0.773,0.603,0.878,0.686,0.522,0.773,0.676,0.878,0.769,0.892,1.0,0.892,1.0,0.892,0.256,0.689,0.372,1.697,0.219,0.274,0.689,0.398,1.697,0.234,0.935,1.0,0.935,1.0,0.935,402.439
1,64,1,10,3800000,60734157,1.0,0.42,0.786,0.534,0.839,0.636,0.463,0.786,0.589,0.839,0.702,0.907,1.0,0.907,1.0,0.907,0.232,0.668,0.348,1.788,0.195,0.265,0.668,0.397,1.788,0.222,0.877,1.0,0.877,1.0,0.877,409.796
1,64,1,20,1000000,60734158,1.0,0.497,0.726,0.685,0.996,0.688,0.609,0.726,0.839,0.996,0.842,0.816,1.0,0.816,1.0,0.816,0.256,0.838,0.306,1.038,0.295,0.441,0.838,0.527,1.038,0.508,0.581,1.0,0.581,1.0,0.581,1120.258
1,64,1,20,1500000,60734159,1.0,0.571,0.97,0.589,0.924,0.638,0.761,0.97,0.784,0.924,0.849,0.751,1.0,0.751,1.0,0.751,0.299,0.948,0.315,0.992,0.318,0.654,0.948,0.69,0.992,0.696,0.457,1.0,0.457,1.0,0.457,846.801
1,64,1,20,2000000,60734160,1.0,0.57,0.974,0.586,0.938,0.624,0.764,0.974,0.784,0.938,0.836,0.747,1.0,0.747,1.0,0.747,0.302,0.943,0.32,0.999,0.32,0.641,0.943,0.68,0.999,0.68,0.471,1.0,0.471,1.0,0.471,780.101
1,64,1,20,2500000,60734161,1.0,0.507,0.796,0.636,0.886,0.717,0.579,0.796,0.726,0.886,0.819,0.875,1.0,0.875,1.0,0.875,0.269,0.853,0.315,1.597,0.197,0.411,0.853,0.482,1.597,0.302,0.653,1.0,0.653,1.0,0.653,753.841
1,64,1,20,3000000,60734162,1.0,0.585,0.971,0.602,0.969,0.622,0.794,0.971,0.818,0.969,0.844,0.736,1.0,0.736,1.0,0.736,0.312,0.944,0.331,1.011,0.327,0.685,0.944,0.726,1.011,0.718,0.456,1.0,0.456,1.0,0.456,671.354
1,64,1,20,3500000,60734163,1.0,0.324,0.406,0.797,0.95,0.839,0.343,0.406,0.845,0.95,0.89,0.943,1.0,0.943,1.0,0.943,0.172,0.8,0.216,1.513,0.143,0.182,0.8,0.228,1.513,0.151,0.946,1.0,0.946,1.0,0.946,672.374
1,64,1,20,3800000,60734164,1.0,0.424,0.567,0.748,0.953,0.785,0.45,0.567,0.792,0.953,0.831,0.944,1.0,0.944,1.0,0.944,0.224,0.864,0.26,1.343,0.193,0.295,0.864,0.341,1.343,0.254,0.761,1.0,0.761,1.0,0.761,741.955
