nodes,taskspernode,threadspertask,iconsteps,cpufreq,slurm_job_id,cnt,tpe,tlb,tce,tse,tte,tmpe,tmlb,tmce,tmse,tmte,tope,tolb,toce,tose,tote,epe,elb,ece,ese,ete,empe,emlb,emce,emse,emte,eope,eolb,eoce,eose,eote,total_time
1,4,24,1,1000000,60244226,1,0.805,0.938,0.858,0.937,0.916,0.916,0.952,0.962,0.993,0.969,0.879,0.985,0.892,0.944,0.945,0.812,0.926,0.876,0.997,0.879,0.972,0.964,1.008,1.001,1.008,0.835,0.961,0.869,0.996,0.873,85.690
1,4,24,1,1500000,60244227,1,0.799,0.945,0.845,0.929,0.910,0.917,0.960,0.955,0.991,0.964,0.871,0.984,0.885,0.938,0.944,0.811,0.965,0.841,0.948,0.886,0.962,0.987,0.975,0.998,0.976,0.844,0.979,0.862,0.950,0.908,75.614
1,4,24,1,2000000,60244228,1,0.809,0.940,0.861,0.940,0.916,0.927,0.965,0.961,0.993,0.967,0.872,0.974,0.896,0.946,0.947,0.823,0.932,0.883,0.986,0.895,0.960,0.976,0.983,0.996,0.987,0.857,0.955,0.897,0.990,0.907,67.480
1,4,24,1,2500000,60244229,1,0.815,0.950,0.858,0.941,0.912,0.921,0.960,0.959,0.995,0.964,0.885,0.989,0.895,0.946,0.946,0.829,0.969,0.856,0.959,0.893,0.921,0.977,0.942,0.999,0.943,0.901,0.992,0.908,0.960,0.947,37.187
1,4,24,1,3000000,60244230,1,0.593,0.667,0.889,0.945,0.941,0.735,0.755,0.974,0.996,0.978,0.807,0.883,0.913,0.949,0.962,0.674,0.768,0.878,0.955,0.919,0.936,0.850,1.102,1.002,1.100,0.720,0.904,0.797,0.953,0.836,37.435
1,4,24,1,3500000,60244231,1,0.817,0.954,0.856,0.940,0.911,0.937,0.977,0.959,0.995,0.964,0.872,0.976,0.893,0.945,0.945,0.835,0.933,0.895,1.000,0.894,0.943,0.978,0.964,1.000,0.965,0.885,0.955,0.928,1.001,0.927,33.733
1,4,24,1,3800000,60244232,1,0.825,0.956,0.863,0.950,0.908,0.937,0.977,0.959,0.994,0.965,0.880,0.978,0.900,0.956,0.941,0.846,0.940,0.900,1.002,0.898,0.941,0.980,0.960,1.001,0.959,0.899,0.959,0.937,1.000,0.937,34.914
1,4,24,100,1000000,60244233,1,0.636,0.929,0.685,0.855,0.802,0.826,0.947,0.873,0.979,0.892,0.770,0.982,0.785,0.873,0.899,0.700,0.957,0.731,0.929,0.787,0.892,0.953,0.937,1.008,0.930,0.784,1.005,0.780,0.922,0.846,555.026
1,4,24,100,1500000,60244234,1,0.689,0.934,0.737,0.870,0.847,0.858,0.948,0.905,0.970,0.933,0.802,0.985,0.814,0.897,0.908,0.742,0.971,0.764,0.912,0.838,0.927,0.965,0.961,0.989,0.972,0.800,1.006,0.795,0.923,0.862,435.810
1,4,24,100,2000000,60244235,1,0.704,0.976,0.722,0.845,0.854,0.860,0.989,0.870,0.925,0.940,0.819,0.987,0.830,0.914,0.908,0.753,0.990,0.761,0.913,0.834,0.938,0.983,0.955,0.970,0.984,0.803,1.008,0.797,0.941,0.847,358.157
1,4,24,100,2500000,60244236,1,0.736,0.959,0.767,0.886,0.867,0.911,0.971,0.938,0.983,0.954,0.808,0.987,0.819,0.901,0.908,0.772,0.974,0.793,0.930,0.852,0.944,0.972,0.971,0.993,0.977,0.818,1.002,0.817,0.937,0.872,303.306
1,4,24,100,3000000,60244237,1,0.741,0.957,0.775,0.900,0.861,0.896,0.966,0.928,0.984,0.944,0.827,0.991,0.835,0.915,0.912,0.772,0.963,0.802,0.946,0.848,0.928,0.958,0.968,0.993,0.974,0.832,1.005,0.828,0.952,0.870,287.334
1,4,24,100,3500000,60244238,1,0.749,0.974,0.769,0.893,0.861,0.919,0.983,0.936,0.980,0.955,0.814,0.991,0.822,0.911,0.902,0.798,0.989,0.808,0.949,0.851,0.917,0.982,0.934,0.987,0.947,0.870,1.007,0.864,0.962,0.899,316.896
1,4,24,100,3800000,60244239,1,0.749,0.973,0.770,0.905,0.850,0.886,0.982,0.903,0.960,0.940,0.845,0.992,0.852,0.942,0.904,0.800,0.970,0.824,0.958,0.860,0.940,0.964,0.975,0.986,0.989,0.850,1.006,0.845,0.972,0.869,309.764
1,4,24,250,1000000,60244240,1,0.635,0.931,0.682,0.826,0.826,0.844,0.949,0.890,0.968,0.919,0.752,0.981,0.767,0.853,0.898,0.695,0.965,0.720,0.906,0.795,0.901,0.959,0.940,0.994,0.946,0.771,1.007,0.765,0.911,0.840,1183.376
1,4,24,250,1500000,60244241,1,0.690,0.955,0.722,0.854,0.845,0.869,0.969,0.897,0.956,0.937,0.794,0.986,0.805,0.893,0.901,0.744,0.975,0.763,0.932,0.818,0.920,0.973,0.946,0.982,0.963,0.808,1.002,0.807,0.949,0.850,910.443
1,4,24,250,2000000,60244242,1,0.710,0.958,0.741,0.872,0.850,0.883,0.970,0.910,0.970,0.939,0.804,0.987,0.814,0.899,0.906,0.763,0.991,0.770,0.931,0.827,0.934,0.983,0.950,0.995,0.955,0.817,1.008,0.810,0.936,0.866,814.859
1,4,24,250,2500000,60244243,1,0.737,0.978,0.754,0.873,0.863,0.913,0.988,0.924,0.970,0.952,0.808,0.990,0.816,0.900,0.907,0.772,0.981,0.787,0.926,0.850,0.930,0.979,0.950,0.983,0.967,0.830,1.002,0.829,0.943,0.879,713.218
1,4,24,250,3000000,60244244,1,0.748,0.961,0.778,0.900,0.865,0.911,0.971,0.938,0.984,0.954,0.821,0.990,0.829,0.915,0.906,0.781,0.983,0.795,0.934,0.850,0.948,0.979,0.969,0.993,0.975,0.824,1.004,0.820,0.941,0.872,687.533
1,4,24,250,3500000,60244245,1,0.748,0.965,0.776,0.900,0.862,0.902,0.973,0.927,0.973,0.952,0.829,0.991,0.837,0.924,0.905,0.796,0.970,0.821,0.950,0.864,0.914,0.963,0.949,0.980,0.969,0.871,1.007,0.865,0.969,0.892,733.065
1,4,24,250,3800000,60244246,1,0.754,0.974,0.774,0.900,0.860,0.924,0.983,0.940,0.984,0.956,0.816,0.991,0.823,0.915,0.900,0.801,0.999,0.802,0.941,0.852,0.934,0.988,0.945,0.989,0.956,0.857,1.011,0.848,0.952,0.891,743.886
1,4,24,500,1000000,60244247,1,0.645,0.921,0.700,0.844,0.829,0.848,0.941,0.902,0.975,0.925,0.760,0.978,0.777,0.866,0.897,1.871,0.964,1.941,0.913,2.126,0.907,0.958,0.947,0.994,0.953,2.064,1.006,2.051,0.919,2.232,2383.669
1,4,24,500,1500000,60244248,1,0.677,0.935,0.725,0.858,0.844,0.862,0.947,0.910,0.974,0.934,0.786,0.987,0.797,0.881,0.904,2.568,0.952,2.696,0.940,2.869,0.908,0.946,0.960,0.994,0.965,2.827,1.006,2.810,0.945,2.972,1744.730
1,4,24,500,2000000,60244249,1,0.705,0.948,0.743,0.866,0.859,0.881,0.957,0.920,0.976,0.943,0.801,0.991,0.808,0.887,0.911,2.199,0.953,2.306,0.928,2.485,0.928,0.949,0.978,0.984,0.994,2.371,1.005,2.359,0.944,2.500,1679.851
1,4,24,500,2500000,60244250,1,0.741,0.984,0.753,0.872,0.863,0.917,0.994,0.922,0.970,0.951,0.808,0.990,0.817,0.899,0.908,1.872,0.992,1.887,0.920,2.050,0.939,0.984,0.955,0.983,0.971,1.993,1.009,1.975,0.936,2.110,1535.300
1,4,24,500,3000000,60244251,1,0.748,0.973,0.769,0.891,0.863,0.918,0.984,0.933,0.977,0.955,0.816,0.990,0.824,0.912,0.904,2.164,1.002,2.159,0.918,2.353,0.952,0.994,0.958,0.986,0.972,2.272,1.009,2.253,0.931,2.421,1328.935
1,4,24,500,3500000,60244252,1,0.739,0.949,0.779,0.906,0.860,0.891,0.957,0.932,0.985,0.946,0.829,0.992,0.836,0.919,0.910,1.741,0.971,1.793,0.935,1.919,0.925,0.964,0.959,0.996,0.963,1.882,1.007,1.869,0.939,1.992,1449.621
1,4,24,500,3800000,60244253,1,0.759,0.977,0.777,0.909,0.854,0.923,0.985,0.937,0.985,0.951,0.822,0.992,0.828,0.923,0.898,1.799,0.997,1.805,0.953,1.894,0.943,0.988,0.955,0.996,0.958,1.909,1.009,1.891,0.957,1.976,1464.886
1,6,16,1,1000000,60244198,1,0.822,0.931,0.883,0.948,0.931,0.914,0.953,0.959,0.987,0.971,0.899,0.976,0.921,0.961,0.959,0.830,0.920,0.902,0.998,0.904,0.956,0.960,0.995,1.004,0.991,0.869,0.959,0.906,0.994,0.912,95.109
1,6,16,1,1500000,60244199,1,0.822,0.940,0.875,0.944,0.927,0.904,0.951,0.951,0.985,0.965,0.909,0.988,0.920,0.958,0.960,0.836,0.931,0.898,0.988,0.910,0.946,0.955,0.990,0.989,1.001,0.884,0.974,0.907,0.999,0.909,79.361
1,6,16,1,2000000,60244200,1,0.815,0.951,0.857,0.921,0.930,0.912,0.975,0.935,0.971,0.964,0.893,0.975,0.916,0.949,0.965,0.831,0.935,0.888,0.972,0.914,0.918,0.977,0.939,0.980,0.958,0.905,0.958,0.945,0.992,0.953,71.663
1,6,16,1,2500000,60244201,1,0.845,0.953,0.886,0.950,0.933,0.923,0.962,0.960,0.990,0.969,0.915,0.991,0.923,0.959,0.963,0.853,0.967,0.882,0.962,0.916,0.932,0.977,0.954,0.997,0.957,0.915,0.990,0.925,0.965,0.958,41.004
1,6,16,1,3000000,60244202,1,0.850,0.957,0.888,0.948,0.937,0.928,0.966,0.961,0.990,0.970,0.916,0.991,0.924,0.958,0.965,0.859,0.945,0.909,0.988,0.920,0.927,0.963,0.962,0.998,0.964,0.927,0.981,0.944,0.990,0.954,38.974
1,6,16,1,3500000,60244203,1,0.829,0.930,0.891,0.952,0.936,0.920,0.963,0.955,0.988,0.967,0.902,0.966,0.934,0.964,0.969,0.839,0.919,0.912,0.992,0.920,0.922,0.963,0.957,0.993,0.963,0.910,0.955,0.954,0.999,0.955,37.635
1,6,16,1,3800000,60244204,1,0.853,0.952,0.896,0.958,0.936,0.936,0.975,0.960,0.993,0.967,0.911,0.977,0.933,0.964,0.968,0.862,0.944,0.913,0.985,0.927,0.940,0.978,0.962,0.997,0.964,0.917,0.965,0.949,0.988,0.961,38.643
1,6,16,100,1000000,60244205,1,0.679,0.910,0.746,0.871,0.856,0.831,0.924,0.900,0.977,0.921,0.816,0.985,0.828,0.891,0.930,0.731,0.953,0.767,0.912,0.842,0.896,0.946,0.948,0.987,0.961,0.816,1.008,0.809,0.924,0.876,480.340
1,6,16,100,1500000,60244206,1,0.701,0.927,0.756,0.878,0.862,0.830,0.938,0.885,0.961,0.921,0.844,0.988,0.854,0.913,0.936,0.751,0.954,0.787,0.917,0.858,0.907,0.948,0.957,0.979,0.978,0.828,1.006,0.823,0.937,0.878,390.659
1,6,16,100,2000000,60244207,1,0.734,0.950,0.773,0.872,0.887,0.874,0.957,0.913,0.967,0.945,0.840,0.992,0.847,0.902,0.939,0.779,0.969,0.804,0.915,0.878,0.914,0.961,0.950,0.971,0.979,0.853,1.008,0.846,0.943,0.897,339.512
1,6,16,100,2500000,60244208,1,0.748,0.932,0.802,0.904,0.887,0.847,0.940,0.902,0.956,0.943,0.882,0.992,0.889,0.945,0.941,0.774,0.950,0.815,0.935,0.872,0.911,0.944,0.965,0.974,0.991,0.850,1.006,0.845,0.960,0.880,262.317
1,6,16,100,3000000,60244209,1,0.763,0.919,0.830,0.932,0.891,0.862,0.929,0.928,0.980,0.947,0.885,0.989,0.895,0.951,0.942,0.791,0.943,0.840,0.946,0.887,0.929,0.940,0.988,0.989,1.000,0.852,1.003,0.849,0.957,0.888,249.455
1,6,16,100,3500000,60244210,1,0.751,0.944,0.796,0.906,0.879,0.839,0.953,0.881,0.946,0.931,0.895,0.991,0.904,0.957,0.944,0.779,0.953,0.818,0.935,0.875,0.894,0.948,0.943,0.968,0.974,0.872,1.005,0.867,0.966,0.898,247.701
1,6,16,100,3800000,60244211,1,0.765,0.934,0.819,0.919,0.892,0.871,0.941,0.925,0.975,0.949,0.878,0.992,0.885,0.942,0.940,0.793,0.958,0.828,0.937,0.883,0.929,0.954,0.974,0.990,0.983,0.854,1.004,0.850,0.947,0.898,244.239
1,6,16,250,1000000,60244212,1,0.669,0.915,0.732,0.853,0.857,0.826,0.927,0.891,0.965,0.923,0.810,0.986,0.821,0.884,0.929,0.724,0.953,0.760,0.899,0.846,0.921,0.954,0.966,0.985,0.981,0.786,0.999,0.787,0.913,0.862,990.510
1,6,16,250,1500000,60244213,1,0.699,0.899,0.778,0.883,0.880,0.840,0.911,0.923,0.978,0.943,0.832,0.987,0.843,0.903,0.933,0.752,0.935,0.804,0.931,0.863,0.908,0.928,0.979,0.992,0.986,0.828,1.007,0.821,0.939,0.875,784.071
1,6,16,250,2000000,60244214,1,0.733,0.948,0.773,0.871,0.887,0.842,0.957,0.879,0.929,0.947,0.871,0.991,0.879,0.938,0.936,0.778,0.970,0.803,0.918,0.874,0.917,0.960,0.956,0.961,0.995,0.848,1.010,0.840,0.956,0.879,678.505
1,6,16,250,2500000,60244215,1,0.740,0.929,0.797,0.890,0.895,0.836,0.937,0.892,0.939,0.950,0.885,0.992,0.893,0.948,0.941,0.768,0.950,0.808,0.925,0.874,0.893,0.941,0.949,0.965,0.984,0.860,1.009,0.852,0.959,0.888,601.140
1,6,16,250,3000000,60244216,1,0.750,0.910,0.825,0.916,0.900,0.864,0.916,0.944,0.989,0.954,0.868,0.993,0.874,0.926,0.943,0.777,0.936,0.830,0.932,0.890,0.913,0.929,0.982,0.993,0.989,0.851,1.007,0.845,0.939,0.900,578.937
1,6,16,250,3500000,60244217,1,0.759,0.926,0.820,0.916,0.895,0.871,0.933,0.934,0.981,0.952,0.872,0.993,0.878,0.934,0.940,0.789,0.949,0.832,0.928,0.896,0.926,0.943,0.982,0.987,0.995,0.852,1.006,0.847,0.940,0.901,566.744
1,6,16,250,3800000,60244218,1,0.772,0.929,0.831,0.927,0.896,0.870,0.935,0.930,0.981,0.949,0.887,0.993,0.893,0.945,0.945,0.799,0.949,0.842,0.940,0.896,0.926,0.945,0.979,0.991,0.989,0.863,1.004,0.860,0.949,0.906,624.803
1,6,16,500,1000000,60244219,1,0.662,0.934,0.708,0.821,0.863,0.844,0.947,0.891,0.959,0.930,0.784,0.987,0.795,0.856,0.928,2.921,0.971,3.009,0.877,3.432,0.906,0.963,0.941,0.963,0.977,3.224,1.008,3.199,0.911,3.513,1906.191
1,6,16,500,1500000,60244220,1,0.699,0.918,0.762,0.867,0.878,0.844,0.927,0.910,0.968,0.941,0.829,0.990,0.837,0.896,0.934,3.943,0.949,4.156,0.919,4.522,0.916,0.949,0.965,0.984,0.981,4.305,1.000,4.305,0.934,4.610,1484.441
1,6,16,500,2000000,60244221,1,0.735,0.936,0.785,0.883,0.888,0.864,0.947,0.912,0.961,0.949,0.851,0.988,0.861,0.919,0.936,3.680,0.969,3.797,0.919,4.131,0.929,0.963,0.964,0.972,0.992,3.961,1.006,3.938,0.946,4.165,1280.658
1,6,16,500,2500000,60244222,1,0.739,0.910,0.811,0.914,0.888,0.830,0.917,0.906,0.960,0.943,0.890,0.993,0.896,0.952,0.942,3.040,0.928,3.277,0.938,3.493,0.890,0.919,0.968,0.976,0.992,3.416,1.009,3.385,0.961,3.523,1163.767
1,6,16,500,3000000,60244223,1,0.763,0.972,0.785,0.880,0.891,0.862,0.979,0.881,0.929,0.948,0.885,0.993,0.891,0.947,0.940,3.194,0.993,3.218,0.902,3.568,0.925,0.985,0.940,0.946,0.993,3.451,1.008,3.425,0.953,3.593,1083.460
1,6,16,500,3500000,60244224,1,0.760,0.972,0.783,0.881,0.888,0.855,0.978,0.875,0.927,0.944,0.889,0.994,0.895,0.951,0.941,3.034,0.991,3.062,0.905,3.385,0.913,0.983,0.929,0.946,0.982,3.322,1.008,3.295,0.956,3.447,1072.470
1,6,16,500,3800000,60244225,1,0.681,0.928,0.734,0.847,0.866,0.770,0.935,0.824,0.905,0.911,0.884,0.993,0.891,0.936,0.951,1.702,0.935,1.821,0.932,1.955,0.811,0.928,0.874,0.961,0.909,2.098,1.007,2.083,0.969,2.150,1360.546
1,8,12,1,1000000,60244170,1,0.862,0.961,0.897,0.950,0.944,0.935,0.971,0.963,0.989,0.974,0.922,0.990,0.932,0.961,0.969,0.865,0.976,0.887,0.964,0.919,0.950,0.987,0.963,0.994,0.968,0.910,0.989,0.921,0.970,0.950,120.647
1,8,12,1,1500000,60244171,1,0.803,0.961,0.835,0.908,0.920,0.896,0.984,0.910,0.960,0.948,0.896,0.977,0.918,0.945,0.970,0.825,0.954,0.864,0.986,0.876,0.977,0.991,0.986,1.016,0.971,0.845,0.963,0.877,0.971,0.903,89.522
1,8,12,1,2000000,60244172,1,0.859,0.964,0.891,0.946,0.941,0.943,0.983,0.960,0.989,0.970,0.911,0.981,0.928,0.957,0.970,0.874,0.956,0.914,0.989,0.925,0.962,0.985,0.977,0.999,0.977,0.909,0.971,0.936,0.990,0.946,82.447
1,8,12,1,2500000,60244173,1,0.865,0.973,0.889,0.939,0.946,0.931,0.983,0.947,0.974,0.973,0.929,0.990,0.938,0.964,0.973,0.874,0.962,0.908,0.977,0.930,0.928,0.972,0.955,0.983,0.971,0.941,0.990,0.951,0.993,0.957,48.963
1,8,12,1,3000000,60244174,1,0.884,0.979,0.904,0.954,0.948,0.946,0.985,0.960,0.987,0.972,0.935,0.993,0.941,0.966,0.975,0.887,0.963,0.921,0.989,0.932,0.947,0.971,0.975,0.995,0.980,0.937,0.991,0.945,0.994,0.951,45.364
1,8,12,1,3500000,60244175,1,0.874,0.960,0.910,0.957,0.951,0.957,0.994,0.962,0.987,0.975,0.913,0.966,0.946,0.970,0.975,0.879,0.949,0.927,0.990,0.936,0.963,0.991,0.972,0.996,0.975,0.913,0.958,0.954,0.994,0.960,45.455
1,8,12,1,3800000,60244176,1,0.850,0.934,0.910,0.958,0.949,0.949,0.984,0.965,0.990,0.974,0.895,0.949,0.943,0.968,0.975,0.862,0.933,0.924,0.984,0.939,0.945,0.987,0.958,0.986,0.971,0.912,0.945,0.965,0.998,0.967,40.840
1,8,12,100,1000000,60244177,1,0.690,0.924,0.747,0.856,0.872,0.843,0.934,0.902,0.973,0.928,0.818,0.989,0.828,0.880,0.940,0.737,0.982,0.750,0.900,0.834,0.922,0.972,0.948,0.996,0.952,0.799,1.010,0.791,0.903,0.876,462.266
1,8,12,100,1500000,60244178,1,0.738,0.950,0.776,0.857,0.905,0.903,0.958,0.942,0.983,0.959,0.817,0.992,0.824,0.872,0.944,0.787,0.967,0.814,0.928,0.876,0.948,0.964,0.984,0.997,0.986,0.830,1.003,0.827,0.931,0.888,333.510
1,8,12,100,2000000,60244179,1,0.751,0.957,0.785,0.889,0.883,0.862,0.968,0.891,0.956,0.932,0.871,0.989,0.881,0.930,0.947,0.803,0.968,0.830,0.959,0.865,0.925,0.968,0.956,0.985,0.970,0.868,1.000,0.868,0.973,0.892,293.977
1,8,12,100,2500000,60244180,1,0.805,0.944,0.853,0.936,0.912,0.900,0.952,0.945,0.986,0.958,0.895,0.991,0.903,0.949,0.951,0.830,0.980,0.847,0.955,0.888,0.947,0.973,0.973,0.995,0.978,0.877,1.007,0.871,0.959,0.908,256.148
1,8,12,100,3000000,60244181,1,0.822,0.948,0.867,0.938,0.924,0.912,0.956,0.953,0.984,0.969,0.902,0.991,0.909,0.953,0.954,0.847,0.962,0.880,0.968,0.909,0.951,0.963,0.987,0.996,0.992,0.890,0.999,0.891,0.972,0.917,241.058
1,8,12,100,3500000,60244182,1,0.828,0.977,0.847,0.924,0.917,0.929,0.982,0.946,0.983,0.963,0.891,0.995,0.896,0.940,0.953,0.851,0.976,0.872,0.961,0.908,0.952,0.974,0.978,0.997,0.981,0.894,1.002,0.892,0.964,0.926,236.090
1,8,12,100,3800000,60244183,1,0.827,0.977,0.847,0.930,0.910,0.916,0.982,0.933,0.978,0.953,0.903,0.995,0.908,0.951,0.954,0.848,0.972,0.872,0.970,0.898,0.945,0.971,0.974,0.993,0.981,0.897,1.002,0.895,0.977,0.916,236.906
1,8,12,250,1000000,60244184,1,0.686,0.944,0.726,0.835,0.870,0.855,0.952,0.898,0.972,0.923,0.802,0.991,0.809,0.859,0.942,0.738,0.967,0.764,0.909,0.841,0.918,0.965,0.952,0.992,0.959,0.804,1.002,0.803,0.916,0.877,919.287
1,8,12,250,1500000,60244185,1,0.739,0.957,0.772,0.865,0.891,0.891,0.965,0.924,0.978,0.944,0.829,0.992,0.835,0.885,0.944,0.788,0.966,0.816,0.942,0.866,0.936,0.963,0.972,0.995,0.977,0.842,1.003,0.839,0.947,0.886,693.248
1,8,12,250,2000000,60244186,1,0.752,0.956,0.787,0.896,0.879,0.871,0.964,0.904,0.975,0.927,0.863,0.992,0.871,0.919,0.948,0.802,0.970,0.827,0.955,0.866,0.927,0.966,0.959,0.993,0.966,0.865,1.003,0.862,0.962,0.897,614.293
1,8,12,250,2500000,60244187,1,0.795,0.964,0.824,0.911,0.904,0.911,0.971,0.938,0.985,0.953,0.872,0.993,0.878,0.925,0.949,0.825,0.972,0.849,0.954,0.889,0.950,0.968,0.981,0.997,0.984,0.868,1.003,0.865,0.957,0.904,519.203
1,8,12,250,3000000,60244188,1,0.819,0.976,0.839,0.923,0.910,0.917,0.981,0.935,0.979,0.955,0.893,0.995,0.898,0.943,0.953,0.847,0.971,0.872,0.966,0.902,0.949,0.968,0.980,0.992,0.987,0.892,1.003,0.890,0.974,0.914,542.250
1,8,12,250,3500000,60244189,1,0.823,0.974,0.845,0.932,0.906,0.917,0.979,0.936,0.985,0.951,0.898,0.995,0.902,0.946,0.953,0.849,0.978,0.867,0.967,0.897,0.947,0.976,0.970,0.999,0.971,0.897,1.003,0.894,0.968,0.924,535.103
1,8,12,250,3800000,60244190,1,0.811,0.967,0.839,0.924,0.908,0.911,0.973,0.936,0.982,0.954,0.890,0.994,0.896,0.941,0.952,0.835,0.976,0.856,0.962,0.890,0.947,0.972,0.974,0.996,0.978,0.882,1.003,0.879,0.966,0.910,486.206
1,8,12,500,1000000,60244191,1,0.696,0.940,0.741,0.844,0.878,0.838,0.950,0.882,0.947,0.932,0.831,0.990,0.839,0.891,0.942,6.107,0.968,6.308,0.903,6.982,0.921,0.966,0.954,0.980,0.973,6.628,1.002,6.615,0.922,7.176,1802.465
1,8,12,500,1500000,60244192,1,0.741,0.956,0.775,0.871,0.890,0.890,0.963,0.924,0.979,0.943,0.833,0.992,0.839,0.890,0.943,12.747,0.967,13.179,0.944,13.967,0.932,0.964,0.967,0.996,0.972,13.674,1.004,13.622,0.948,14.376,1298.236
1,8,12,500,2000000,60244193,1,0.767,0.966,0.795,0.887,0.896,0.895,0.972,0.921,0.974,0.945,0.858,0.994,0.863,0.910,0.948,16.064,0.965,16.643,0.964,17.273,0.929,0.962,0.966,0.993,0.973,17.283,1.003,17.225,0.971,17.745,1251.875
1,8,12,500,2500000,60244194,1,0.802,0.970,0.827,0.911,0.908,0.913,0.976,0.936,0.982,0.953,0.879,0.994,0.884,0.927,0.953,4.466,0.998,4.474,0.935,4.787,0.959,0.990,0.968,0.995,0.973,4.657,1.008,4.619,0.939,4.917,1098.310
1,8,12,500,3000000,60244195,1,0.815,0.978,0.833,0.921,0.905,0.917,0.982,0.933,0.982,0.950,0.889,0.996,0.893,0.937,0.953,3.600,0.978,3.681,0.961,3.832,0.950,0.976,0.974,0.996,0.978,3.790,1.003,3.781,0.965,3.917,1045.952
1,8,12,500,3500000,60244196,1,0.825,0.978,0.844,0.932,0.905,0.917,0.983,0.933,0.982,0.950,0.900,0.995,0.905,0.949,0.953,3.655,0.975,3.749,0.971,3.860,0.942,0.971,0.969,0.997,0.972,3.882,1.004,3.868,0.974,3.971,1027.634
1,8,12,500,3800000,60244197,1,0.830,0.977,0.849,0.930,0.913,0.927,0.982,0.944,0.985,0.959,0.895,0.995,0.899,0.944,0.953,3.999,0.976,4.098,0.967,4.237,0.949,0.974,0.974,0.999,0.975,4.215,1.002,4.206,0.968,4.344,1020.844
1,12,8,1,1000000,60244142,1,0.534,0.797,0.669,0.906,0.739,0.651,0.839,0.776,0.957,0.811,0.820,0.950,0.863,0.947,0.911,0.646,0.832,0.776,0.916,0.846,0.783,0.876,0.894,0.963,0.929,0.824,0.950,0.867,0.952,0.911,142.486
1,12,8,1,1500000,60244143,1,0.470,0.515,0.912,0.944,0.966,0.528,0.559,0.945,0.968,0.976,0.889,0.921,0.966,0.976,0.990,0.612,0.693,0.883,0.933,0.946,0.971,0.735,1.321,0.963,1.372,0.630,0.942,0.668,0.969,0.690,114.429
1,12,8,1,2000000,60244144,1,0.879,0.953,0.922,0.965,0.955,0.926,0.962,0.962,0.988,0.974,0.949,0.991,0.958,0.977,0.980,0.884,0.945,0.935,0.990,0.944,0.933,0.961,0.971,0.992,0.978,0.947,0.983,0.963,0.998,0.965,104.397
1,12,8,1,2500000,60244145,1,0.852,0.921,0.925,0.963,0.960,0.935,0.969,0.965,0.988,0.977,0.911,0.950,0.958,0.975,0.983,0.862,0.923,0.933,0.986,0.946,0.954,0.971,0.983,0.987,0.996,0.903,0.951,0.950,0.999,0.950,60.009
1,12,8,1,3000000,60244146,1,0.867,0.943,0.919,0.964,0.954,0.932,0.975,0.956,0.985,0.970,0.929,0.967,0.961,0.978,0.983,0.870,0.943,0.923,0.975,0.947,0.957,0.979,0.978,0.984,0.994,0.909,0.963,0.944,0.991,0.953,55.208
1,12,8,1,3500000,60244147,1,0.878,0.944,0.930,0.966,0.962,0.939,0.972,0.966,0.988,0.977,0.935,0.971,0.963,0.978,0.984,0.879,0.945,0.930,0.976,0.953,0.946,0.978,0.968,0.988,0.980,0.929,0.967,0.961,0.988,0.973,54.713
1,12,8,1,3800000,60244148,1,0.865,0.936,0.924,0.966,0.956,0.931,0.966,0.963,0.988,0.975,0.929,0.969,0.959,0.978,0.981,0.870,0.932,0.933,0.986,0.946,0.961,0.968,0.993,0.995,0.998,0.905,0.963,0.940,0.991,0.948,50.834
1,12,8,100,1000000,60244149,1,0.707,0.927,0.762,0.867,0.880,0.788,0.940,0.838,0.918,0.913,0.897,0.987,0.909,0.944,0.963,0.762,0.961,0.794,0.908,0.874,0.889,0.965,0.922,0.939,0.982,0.857,0.996,0.861,0.967,0.890,436.601
1,12,8,100,1500000,60244150,1,0.737,0.939,0.785,0.859,0.914,0.828,0.950,0.872,0.921,0.947,0.890,0.989,0.900,0.932,0.965,0.787,0.950,0.828,0.926,0.894,0.869,0.949,0.916,0.937,0.978,0.905,1.001,0.904,0.988,0.915,339.543
1,12,8,100,2000000,60244151,1,0.796,0.929,0.857,0.918,0.933,0.856,0.937,0.914,0.950,0.962,0.929,0.991,0.937,0.966,0.970,0.828,0.968,0.856,0.927,0.924,0.927,0.968,0.957,0.964,0.993,0.894,0.999,0.894,0.961,0.930,317.342
1,12,8,100,2500000,60244152,1,0.804,0.954,0.843,0.900,0.937,0.873,0.960,0.909,0.940,0.967,0.921,0.993,0.927,0.957,0.969,0.825,0.961,0.859,0.929,0.924,0.919,0.956,0.961,0.957,1.003,0.898,1.005,0.894,0.970,0.921,235.772
1,12,8,100,3000000,60244153,1,0.809,0.958,0.844,0.909,0.929,0.866,0.963,0.899,0.938,0.958,0.934,0.995,0.939,0.969,0.969,0.828,0.947,0.875,0.950,0.921,0.894,0.946,0.945,0.960,0.985,0.926,1.000,0.926,0.990,0.936,227.321
1,12,8,100,3500000,60244154,1,0.816,0.957,0.852,0.903,0.943,0.868,0.963,0.902,0.931,0.969,0.939,0.994,0.945,0.971,0.974,0.833,0.956,0.871,0.930,0.937,0.914,0.961,0.951,0.947,1.004,0.911,0.994,0.916,0.981,0.934,237.696
1,12,8,100,3800000,60244155,1,0.823,0.961,0.856,0.912,0.938,0.874,0.967,0.904,0.938,0.964,0.941,0.995,0.946,0.973,0.973,0.838,0.951,0.882,0.950,0.928,0.907,0.954,0.950,0.960,0.990,0.924,0.996,0.928,0.990,0.937,234.119
1,12,8,250,1000000,60244156,1,0.717,0.954,0.752,0.835,0.900,0.841,0.963,0.873,0.934,0.935,0.853,0.991,0.861,0.894,0.963,0.769,0.954,0.806,0.914,0.882,0.884,0.952,0.929,0.946,0.982,0.870,1.002,0.869,0.967,0.899,879.909
1,12,8,250,1500000,60244157,1,0.759,0.951,0.798,0.869,0.918,0.824,0.959,0.859,0.903,0.952,0.921,0.992,0.928,0.963,0.965,0.803,0.970,0.828,0.919,0.902,0.910,0.963,0.945,0.953,0.991,0.883,1.007,0.877,0.963,0.910,681.586
1,12,8,250,2000000,60244158,1,0.777,0.952,0.816,0.886,0.922,0.844,0.958,0.881,0.925,0.952,0.921,0.994,0.927,0.958,0.968,0.816,0.932,0.875,0.955,0.917,0.877,0.930,0.943,0.953,0.989,0.930,1.002,0.928,1.001,0.927,591.743
1,12,8,250,2500000,60244159,1,0.781,0.949,0.823,0.900,0.915,0.842,0.956,0.881,0.934,0.943,0.928,0.993,0.935,0.964,0.970,0.807,0.974,0.829,0.916,0.905,0.913,0.968,0.943,0.954,0.989,0.884,1.006,0.879,0.960,0.915,516.905
1,12,8,250,3000000,60244160,1,0.806,0.958,0.841,0.911,0.924,0.861,0.963,0.894,0.939,0.952,0.936,0.995,0.941,0.970,0.970,0.825,0.944,0.873,0.951,0.918,0.893,0.948,0.942,0.958,0.983,0.924,0.997,0.927,0.992,0.934,483.418
1,12,8,250,3500000,60244161,1,0.812,0.953,0.852,0.915,0.931,0.867,0.957,0.906,0.944,0.960,0.936,0.995,0.940,0.969,0.970,0.826,0.936,0.883,0.954,0.925,0.889,0.934,0.952,0.954,0.998,0.929,1.002,0.927,1.000,0.927,481.113
1,12,8,250,3800000,60244162,1,0.819,0.960,0.853,0.910,0.937,0.884,0.965,0.916,0.948,0.966,0.926,0.995,0.931,0.960,0.970,0.833,0.950,0.877,0.946,0.926,0.891,0.950,0.938,0.956,0.981,0.934,1.000,0.934,0.990,0.944,475.188
1,12,8,500,1000000,60244163,1,0.709,0.946,0.750,0.840,0.892,0.798,0.954,0.836,0.903,0.926,0.889,0.992,0.897,0.930,0.964,4.686,0.958,4.894,0.903,5.422,0.884,0.963,0.918,0.935,0.982,5.299,0.994,5.329,0.966,5.519,1718.143
1,12,8,500,1500000,60244164,1,0.763,0.960,0.795,0.864,0.920,0.854,0.967,0.883,0.927,0.953,0.893,0.992,0.900,0.932,0.965,13.575,0.967,14.032,0.919,15.263,0.906,0.966,0.938,0.944,0.994,14.976,1.001,14.958,0.974,15.361,1327.813
1,12,8,500,2000000,60244165,1,0.787,0.955,0.823,0.889,0.927,0.852,0.961,0.886,0.928,0.956,0.924,0.994,0.929,0.958,0.970,8.922,0.967,9.231,0.931,9.916,0.910,0.965,0.943,0.958,0.984,9.802,1.002,9.785,0.971,10.074,1182.479
1,12,8,500,2500000,60244166,1,0.806,0.961,0.839,0.906,0.925,0.867,0.967,0.896,0.941,0.953,0.929,0.993,0.935,0.963,0.971,5.576,0.970,5.747,0.931,6.171,0.905,0.965,0.938,0.959,0.978,6.158,1.005,6.128,0.972,6.307,1059.419
1,12,8,500,3000000,60244167,1,0.818,0.964,0.848,0.905,0.938,0.881,0.969,0.908,0.941,0.965,0.929,0.995,0.934,0.961,0.971,4.476,0.964,4.641,0.930,4.992,0.922,0.965,0.955,0.958,0.997,4.855,0.999,4.860,0.971,5.006,1008.812
1,12,8,500,3500000,60244168,1,0.821,0.958,0.857,0.915,0.936,0.872,0.963,0.906,0.942,0.962,0.941,0.995,0.946,0.972,0.973,3.991,0.943,4.234,0.952,4.445,0.892,0.948,0.942,0.954,0.987,4.474,0.995,4.497,0.998,4.505,1004.960
1,12,8,500,3800000,60244169,1,0.749,0.959,0.780,0.868,0.899,0.806,0.965,0.836,0.907,0.921,0.929,0.995,0.934,0.957,0.975,2.774,0.950,2.919,0.923,3.164,0.828,0.945,0.876,0.939,0.933,3.351,1.005,3.333,0.982,3.393,1094.970
1,16,6,1,1000000,60244114,1,0.882,0.942,0.936,0.970,0.965,0.933,0.967,0.964,0.984,0.980,0.945,0.973,0.971,0.986,0.985,0.883,0.946,0.934,0.983,0.949,0.942,0.974,0.967,0.987,0.979,0.938,0.971,0.966,0.996,0.970,191.212
1,16,6,1,1500000,60244115,1,0.637,0.953,0.669,0.889,0.752,0.679,0.966,0.703,0.918,0.765,0.939,0.987,0.951,0.968,0.983,0.675,0.953,0.708,0.959,0.738,0.774,0.970,0.798,0.970,0.823,0.872,0.983,0.887,0.988,0.898,131.145
1,16,6,1,2000000,60244116,1,0.870,0.960,0.906,0.946,0.959,0.914,0.972,0.941,0.968,0.972,0.952,0.988,0.964,0.977,0.987,0.875,0.955,0.916,0.976,0.939,0.945,0.969,0.974,0.986,0.988,0.926,0.985,0.940,0.989,0.950,125.169
1,16,6,1,2500000,60244117,1,0.870,0.926,0.940,0.972,0.967,0.936,0.971,0.963,0.983,0.980,0.930,0.953,0.975,0.988,0.987,0.880,0.936,0.941,0.984,0.957,0.936,0.977,0.958,0.989,0.969,0.940,0.957,0.982,0.995,0.987,71.670
1,16,6,1,3000000,60244118,1,0.838,0.915,0.916,0.955,0.959,0.922,0.977,0.944,0.973,0.971,0.909,0.937,0.970,0.982,0.988,0.850,0.928,0.916,0.973,0.942,0.941,0.981,0.959,0.982,0.977,0.904,0.946,0.955,0.991,0.964,67.522
1,16,6,1,3500000,60244119,1,0.892,0.941,0.948,0.981,0.966,0.940,0.970,0.969,0.992,0.977,0.948,0.970,0.978,0.990,0.988,0.893,0.942,0.948,0.991,0.957,0.938,0.973,0.964,0.993,0.971,0.952,0.968,0.983,0.998,0.985,61.642
1,16,6,1,3800000,60244120,1,0.885,0.944,0.938,0.973,0.964,0.939,0.980,0.959,0.983,0.976,0.943,0.964,0.978,0.990,0.988,0.888,0.943,0.942,0.987,0.954,0.941,0.978,0.962,0.988,0.973,0.944,0.964,0.979,0.999,0.980,63.265
1,16,6,100,1000000,60244121,1,0.728,0.931,0.782,0.862,0.908,0.820,0.943,0.870,0.932,0.934,0.888,0.988,0.899,0.925,0.972,0.782,0.935,0.836,0.933,0.896,0.921,0.958,0.962,0.963,0.999,0.849,0.977,0.869,0.969,0.897,446.726
1,16,6,100,1500000,60244122,1,0.793,0.920,0.862,0.932,0.926,0.868,0.931,0.932,0.979,0.952,0.914,0.989,0.925,0.952,0.972,0.833,0.956,0.872,0.948,0.919,0.955,0.979,0.975,0.985,0.990,0.873,0.976,0.894,0.963,0.928,341.836
1,16,6,100,2000000,60244123,1,0.809,0.931,0.869,0.922,0.942,0.868,0.942,0.922,0.954,0.967,0.932,0.989,0.942,0.967,0.974,0.846,0.959,0.882,0.946,0.932,0.941,0.979,0.962,0.970,0.991,0.898,0.980,0.917,0.975,0.940,307.475
1,16,6,100,2500000,60244124,1,0.832,0.960,0.866,0.922,0.940,0.903,0.967,0.934,0.968,0.964,0.921,0.993,0.927,0.952,0.974,0.852,0.964,0.884,0.952,0.929,0.960,0.983,0.977,0.978,0.999,0.888,0.981,0.905,0.973,0.930,239.959
1,16,6,100,3000000,60244125,1,0.844,0.966,0.874,0.937,0.932,0.909,0.971,0.936,0.978,0.956,0.929,0.994,0.934,0.958,0.975,0.857,0.961,0.891,0.972,0.917,0.941,0.979,0.961,0.985,0.976,0.910,0.982,0.927,0.987,0.939,249.682
1,16,6,100,3500000,60244126,1,0.861,0.972,0.886,0.941,0.942,0.913,0.979,0.933,0.966,0.966,0.943,0.993,0.949,0.973,0.975,0.871,0.960,0.908,0.970,0.936,0.947,0.977,0.970,0.974,0.996,0.920,0.983,0.936,0.996,0.939,220.031
1,16,6,100,3800000,60244127,1,0.864,0.970,0.891,0.938,0.950,0.933,0.976,0.956,0.981,0.974,0.927,0.993,0.933,0.956,0.975,0.874,0.962,0.908,0.962,0.944,0.958,0.980,0.977,0.984,0.992,0.912,0.982,0.929,0.977,0.951,214.930
1,16,6,250,1000000,60244128,1,0.728,0.931,0.782,0.868,0.901,0.820,0.942,0.870,0.938,0.927,0.888,0.988,0.899,0.925,0.971,0.780,0.959,0.813,0.909,0.895,0.944,0.980,0.964,0.963,1.001,0.826,0.979,0.844,0.944,0.894,871.036
1,16,6,250,1500000,60244129,1,0.775,0.945,0.821,0.888,0.924,0.863,0.954,0.905,0.954,0.948,0.898,0.991,0.907,0.930,0.975,0.820,0.963,0.852,0.933,0.913,0.951,0.982,0.968,0.971,0.997,0.863,0.980,0.880,0.961,0.916,733.024
1,16,6,250,2000000,60244130,1,0.819,0.968,0.847,0.907,0.934,0.892,0.975,0.915,0.955,0.958,0.919,0.993,0.926,0.949,0.975,0.854,0.966,0.884,0.952,0.929,0.950,0.984,0.966,0.972,0.994,0.899,0.982,0.915,0.979,0.935,632.856
1,16,6,250,2500000,60244131,1,0.817,0.968,0.844,0.908,0.930,0.889,0.974,0.913,0.959,0.952,0.920,0.994,0.925,0.946,0.977,0.835,0.965,0.866,0.943,0.919,0.934,0.978,0.955,0.973,0.981,0.894,0.986,0.907,0.968,0.937,561.614
1,16,6,250,3000000,60244132,1,0.776,0.963,0.806,0.893,0.903,0.835,0.968,0.863,0.937,0.921,0.930,0.995,0.934,0.953,0.980,0.795,0.962,0.826,0.936,0.882,0.884,0.971,0.910,0.963,0.945,0.899,0.990,0.908,0.972,0.934,567.950
1,16,6,250,3500000,60244133,1,0.857,0.967,0.886,0.943,0.939,0.908,0.973,0.933,0.972,0.961,0.943,0.993,0.949,0.971,0.978,0.870,0.961,0.905,0.968,0.936,0.941,0.976,0.964,0.977,0.986,0.924,0.984,0.939,0.990,0.949,511.100
1,16,6,250,3800000,60244134,1,0.860,0.974,0.883,0.931,0.949,0.919,0.981,0.937,0.966,0.971,0.936,0.993,0.942,0.964,0.978,0.871,0.965,0.902,0.957,0.943,0.947,0.981,0.965,0.973,0.992,0.920,0.984,0.935,0.983,0.951,508.673
1,16,6,500,1000000,60244135,1,0.735,0.925,0.795,0.868,0.916,0.831,0.935,0.889,0.944,0.942,0.884,0.990,0.894,0.919,0.972,13.085,0.957,13.666,0.905,15.105,0.941,0.980,0.961,0.963,0.998,13.901,0.977,14.222,0.939,15.138,1653.152
1,16,6,500,1500000,60244136,1,0.780,0.961,0.812,0.883,0.919,0.860,0.969,0.887,0.941,0.943,0.907,0.992,0.914,0.939,0.974,23.289,0.964,24.157,0.937,25.789,0.945,0.983,0.961,0.967,0.994,24.649,0.981,25.131,0.969,25.934,1312.093
1,16,6,500,2000000,60244137,1,0.811,0.956,0.848,0.915,0.926,0.887,0.963,0.921,0.967,0.952,0.914,0.993,0.921,0.946,0.973,0.848,0.959,0.885,0.957,0.925,0.950,0.977,0.973,0.977,0.995,0.892,0.981,0.909,0.979,0.929,1046.524
1,16,6,500,2500000,60244138,1,0.833,0.972,0.857,0.914,0.938,0.905,0.978,0.925,0.961,0.963,0.920,0.993,0.926,0.951,0.974,19.922,0.963,20.696,0.952,21.737,0.953,0.981,0.972,0.972,0.999,20.909,0.982,21.300,0.979,21.748,920.194
1,16,6,500,3000000,60244139,1,0.840,0.967,0.869,0.930,0.934,0.907,0.973,0.933,0.974,0.958,0.926,0.994,0.932,0.955,0.975,11.368,0.958,11.869,0.963,12.329,0.942,0.975,0.966,0.980,0.986,12.066,0.982,12.285,0.982,12.505,883.908
1,16,6,500,3500000,60244140,1,0.841,0.968,0.870,0.927,0.938,0.915,0.974,0.939,0.976,0.962,0.920,0.994,0.926,0.949,0.976,11.442,0.965,11.859,0.951,12.466,0.953,0.983,0.970,0.981,0.989,12.001,0.982,12.223,0.969,12.608,875.310
1,16,6,500,3800000,60244141,1,0.850,0.970,0.876,0.935,0.937,0.914,0.976,0.936,0.975,0.960,0.930,0.994,0.936,0.959,0.976,13.123,0.963,13.630,0.963,14.148,0.952,0.981,0.971,0.983,0.988,13.780,0.982,14.037,0.981,14.315,865.821
1,24,4,1,1000000,60244086,1,0.416,0.506,0.822,0.957,0.859,0.439,0.528,0.832,0.964,0.864,0.948,0.959,0.988,0.993,0.995,0.505,0.565,0.893,1.021,0.874,0.583,0.588,0.991,1.023,0.968,0.866,0.962,0.901,0.997,0.903,236.653
1,24,4,1,1500000,60244087,1,0.887,0.950,0.934,0.975,0.958,0.921,0.965,0.954,0.985,0.969,0.964,0.985,0.979,0.990,0.989,0.894,0.953,0.938,0.986,0.951,0.941,0.971,0.969,0.989,0.981,0.950,0.982,0.968,0.997,0.970,189.790
1,24,4,1,2000000,60244088,1,0.893,0.958,0.932,0.972,0.959,0.929,0.975,0.952,0.982,0.970,0.961,0.982,0.979,0.990,0.989,0.901,0.960,0.939,0.984,0.954,0.955,0.978,0.976,0.988,0.988,0.943,0.982,0.961,0.996,0.965,195.456
1,24,4,1,2500000,60244089,1,0.893,0.947,0.943,0.981,0.961,0.930,0.971,0.958,0.987,0.971,0.961,0.976,0.984,0.995,0.989,0.897,0.948,0.947,0.990,0.956,0.921,0.972,0.948,0.986,0.961,0.974,0.975,0.999,1.004,0.995,93.349
1,24,4,1,3000000,60244090,1,0.895,0.955,0.937,0.981,0.955,0.926,0.972,0.953,0.988,0.965,0.966,0.983,0.983,0.993,0.990,0.898,0.955,0.940,0.988,0.951,0.929,0.974,0.953,0.990,0.963,0.967,0.981,0.986,0.998,0.988,86.958
1,24,4,1,3500000,60244091,1,0.904,0.957,0.945,0.984,0.960,0.934,0.972,0.961,0.990,0.970,0.968,0.985,0.983,0.993,0.990,0.904,0.959,0.942,0.991,0.951,0.937,0.977,0.959,0.993,0.966,0.965,0.982,0.983,0.998,0.985,84.821
1,24,4,1,3800000,60244092,1,0.901,0.963,0.936,0.976,0.959,0.928,0.974,0.953,0.984,0.969,0.971,0.989,0.982,0.992,0.990,0.903,0.961,0.941,0.983,0.956,0.945,0.975,0.969,0.985,0.984,0.956,0.985,0.970,0.998,0.972,78.119
1,24,4,100,1000000,60244093,1,0.742,0.950,0.781,0.840,0.929,0.800,0.961,0.833,0.877,0.949,0.927,0.989,0.938,0.958,0.980,0.793,0.945,0.839,0.907,0.925,0.900,0.965,0.933,0.924,1.010,0.881,0.980,0.899,0.982,0.916,496.457
1,24,4,100,1500000,60244094,1,0.779,0.951,0.819,0.880,0.932,0.865,0.961,0.900,0.946,0.951,0.901,0.990,0.910,0.929,0.979,0.826,0.952,0.867,0.940,0.922,0.934,0.972,0.961,0.951,1.010,0.884,0.980,0.902,0.988,0.913,417.062
1,24,4,100,2000000,60244095,1,0.805,0.959,0.839,0.911,0.921,0.866,0.968,0.895,0.953,0.939,0.929,0.991,0.938,0.956,0.981,0.847,0.958,0.884,0.955,0.926,0.933,0.976,0.956,0.959,0.997,0.908,0.982,0.924,0.996,0.928,371.396
1,24,4,100,2500000,60244096,1,0.841,0.968,0.869,0.930,0.934,0.890,0.975,0.912,0.957,0.953,0.945,0.993,0.952,0.971,0.980,0.860,0.959,0.897,0.957,0.937,0.936,0.975,0.960,0.962,0.998,0.918,0.983,0.934,0.995,0.939,257.801
1,24,4,100,3000000,60244097,1,0.864,0.969,0.891,0.942,0.946,0.898,0.976,0.920,0.953,0.965,0.962,0.992,0.969,0.988,0.981,0.875,0.961,0.910,0.970,0.939,0.937,0.977,0.959,0.969,0.990,0.934,0.984,0.949,1.001,0.948,240.952
1,24,4,100,3500000,60244098,1,0.851,0.965,0.882,0.930,0.949,0.885,0.972,0.910,0.942,0.966,0.961,0.992,0.969,0.987,0.982,0.862,0.959,0.899,0.956,0.940,0.932,0.975,0.956,0.955,1.000,0.925,0.983,0.941,1.001,0.940,237.808
1,24,4,100,3800000,60244099,1,0.856,0.968,0.884,0.951,0.929,0.888,0.976,0.909,0.961,0.947,0.964,0.992,0.972,0.990,0.981,0.865,0.962,0.900,0.968,0.930,0.933,0.978,0.954,0.968,0.985,0.928,0.983,0.944,1.000,0.944,236.583
1,24,4,250,1000000,60244100,1,0.753,0.953,0.790,0.858,0.921,0.809,0.964,0.840,0.893,0.940,0.930,0.989,0.941,0.961,0.979,0.801,0.950,0.843,0.921,0.915,0.908,0.972,0.935,0.931,1.004,0.882,0.978,0.902,0.990,0.911,904.541
1,24,4,250,1500000,60244101,1,0.788,0.960,0.821,0.886,0.927,0.860,0.970,0.887,0.937,0.946,0.916,0.990,0.926,0.945,0.979,0.833,0.955,0.872,0.942,0.925,0.921,0.975,0.945,0.948,0.997,0.904,0.980,0.922,0.994,0.928,712.685
1,24,4,250,2000000,60244102,1,0.820,0.965,0.849,0.913,0.930,0.861,0.974,0.884,0.932,0.949,0.952,0.991,0.961,0.980,0.980,0.854,0.958,0.892,0.958,0.931,0.927,0.975,0.950,0.957,0.993,0.922,0.982,0.939,1.001,0.938,627.479
1,24,4,250,2500000,60244103,1,0.843,0.972,0.867,0.922,0.940,0.890,0.980,0.908,0.949,0.957,0.947,0.992,0.954,0.972,0.982,0.860,0.964,0.892,0.953,0.936,0.931,0.980,0.950,0.956,0.994,0.923,0.984,0.939,0.996,0.942,561.422
1,24,4,250,3000000,60244104,1,0.849,0.969,0.876,0.924,0.948,0.905,0.976,0.927,0.959,0.967,0.937,0.992,0.945,0.963,0.981,0.864,0.961,0.899,0.952,0.944,0.950,0.977,0.972,0.963,1.010,0.909,0.983,0.925,0.989,0.935,484.338
1,24,4,250,3500000,60244105,1,0.856,0.966,0.886,0.947,0.936,0.888,0.973,0.913,0.957,0.954,0.964,0.993,0.971,0.990,0.981,0.866,0.957,0.905,0.970,0.933,0.940,0.973,0.966,0.968,0.997,0.922,0.984,0.937,1.001,0.936,480.388
1,24,4,250,3800000,60244106,1,0.856,0.970,0.883,0.936,0.943,0.891,0.977,0.912,0.948,0.961,0.961,0.992,0.968,0.987,0.981,0.866,0.961,0.901,0.958,0.940,0.938,0.977,0.959,0.957,1.002,0.924,0.984,0.939,1.001,0.938,476.441
1,24,4,500,1000000,60244107,1,0.739,0.957,0.772,0.845,0.914,0.812,0.967,0.839,0.900,0.933,0.910,0.990,0.920,0.939,0.980,7.640,0.950,8.038,0.912,8.813,0.904,0.971,0.931,0.924,1.008,8.448,0.978,8.634,0.987,8.746,1616.583
1,24,4,500,1500000,60244108,1,0.793,0.961,0.826,0.886,0.932,0.848,0.970,0.874,0.919,0.951,0.936,0.991,0.945,0.963,0.981,23.467,0.958,24.508,0.938,26.127,0.922,0.976,0.945,0.947,0.998,25.465,0.981,25.945,0.991,26.187,1322.801
1,24,4,500,2000000,60244109,1,0.813,0.965,0.843,0.910,0.927,0.861,0.973,0.885,0.936,0.946,0.945,0.992,0.953,0.972,0.980,0.850,0.958,0.888,0.956,0.929,0.915,0.975,0.938,0.955,0.983,0.929,0.982,0.946,1.001,0.945,1104.647
1,24,4,500,2500000,60244110,1,0.839,0.970,0.865,0.918,0.942,0.892,0.977,0.913,0.949,0.961,0.940,0.992,0.947,0.967,0.980,20.723,0.961,21.571,0.950,22.695,0.941,0.978,0.962,0.958,1.005,22.025,0.982,22.423,0.993,22.591,932.789
1,24,4,500,3000000,60244111,1,0.852,0.965,0.883,0.942,0.937,0.885,0.973,0.910,0.952,0.956,0.962,0.992,0.970,0.989,0.980,14.786,0.957,15.448,0.968,15.963,0.931,0.974,0.956,0.967,0.988,15.886,0.983,16.160,1.001,16.151,886.789
1,24,4,500,3500000,60244112,1,0.852,0.971,0.878,0.939,0.935,0.887,0.978,0.907,0.951,0.953,0.961,0.992,0.968,0.987,0.981,15.453,0.962,16.068,0.962,16.696,0.931,0.978,0.952,0.962,0.990,16.600,0.984,16.876,1.001,16.863,880.859
1,24,4,500,3800000,60244113,1,0.854,0.966,0.885,0.936,0.945,0.888,0.973,0.912,0.947,0.964,0.962,0.993,0.970,0.988,0.981,16.484,0.958,17.207,0.959,17.948,0.931,0.974,0.955,0.958,0.997,17.713,0.984,18.009,1.000,18.001,872.339
1,48,2,1,1000000,60244058,1,0.435,0.465,0.935,0.959,0.975,0.451,0.478,0.942,0.963,0.978,0.964,0.972,0.992,0.996,0.997,0.513,0.557,0.922,0.953,0.968,0.541,0.572,0.945,0.955,0.989,0.949,0.972,0.976,0.997,0.979,415.926
1,48,2,1,1500000,60244059,1,0.830,0.918,0.904,0.952,0.950,0.867,0.943,0.919,0.961,0.956,0.958,0.974,0.984,0.990,0.994,0.848,0.929,0.913,0.956,0.955,0.908,0.952,0.954,0.958,0.995,0.933,0.975,0.957,0.997,0.960,374.207
1,48,2,1,2000000,60244060,1,0.838,0.922,0.909,0.960,0.948,0.874,0.946,0.924,0.968,0.954,0.959,0.975,0.984,0.991,0.993,0.855,0.932,0.917,0.964,0.951,0.892,0.956,0.933,0.969,0.963,0.958,0.976,0.982,0.995,0.987,357.776
1,48,2,1,2500000,60244061,1,0.854,0.925,0.923,0.965,0.957,0.881,0.946,0.931,0.968,0.962,0.969,0.978,0.991,0.997,0.994,0.859,0.926,0.928,0.968,0.958,0.889,0.947,0.939,0.969,0.969,0.966,0.978,0.988,0.999,0.989,158.739
1,48,2,1,3000000,60244062,1,0.856,0.942,0.908,0.960,0.946,0.886,0.959,0.924,0.971,0.952,0.965,0.983,0.982,0.988,0.994,0.856,0.938,0.913,0.964,0.947,0.903,0.956,0.945,0.974,0.970,0.948,0.981,0.967,0.990,0.976,148.908
1,48,2,1,3500000,60244063,1,0.854,0.929,0.919,0.961,0.956,0.887,0.952,0.932,0.969,0.961,0.962,0.976,0.986,0.992,0.994,0.857,0.930,0.921,0.966,0.953,0.901,0.953,0.946,0.970,0.975,0.951,0.976,0.974,0.996,0.978,145.358
1,48,2,1,3800000,60244064,1,0.858,0.937,0.915,0.963,0.951,0.883,0.955,0.926,0.968,0.956,0.971,0.982,0.989,0.995,0.994,0.859,0.937,0.917,0.967,0.948,0.889,0.955,0.931,0.971,0.959,0.966,0.981,0.985,0.995,0.989,145.638
1,48,2,100,1000000,60244065,1,0.717,0.896,0.800,0.854,0.936,0.745,0.915,0.814,0.858,0.949,0.962,0.980,0.982,0.995,0.987,0.755,0.890,0.849,0.904,0.938,0.816,0.912,0.894,0.906,0.987,0.926,0.976,0.949,0.998,0.951,686.052
1,48,2,100,1500000,60244066,1,0.760,0.894,0.851,0.912,0.933,0.788,0.911,0.865,0.916,0.945,0.964,0.981,0.983,0.996,0.987,0.791,0.889,0.890,0.945,0.942,0.843,0.910,0.927,0.946,0.980,0.938,0.977,0.960,0.999,0.961,577.834
1,48,2,100,2000000,60244067,1,0.773,0.898,0.861,0.931,0.925,0.801,0.915,0.875,0.935,0.936,0.966,0.981,0.984,0.997,0.987,0.802,0.895,0.896,0.959,0.935,0.847,0.915,0.925,0.959,0.964,0.947,0.977,0.969,1.000,0.969,513.664
1,48,2,100,2500000,60244068,1,0.794,0.894,0.889,0.930,0.955,0.822,0.910,0.903,0.934,0.967,0.966,0.982,0.984,0.996,0.988,0.807,0.891,0.906,0.946,0.957,0.856,0.911,0.939,0.947,0.992,0.943,0.978,0.964,0.999,0.965,333.019
1,48,2,100,3000000,60244069,1,0.807,0.901,0.896,0.943,0.950,0.834,0.918,0.909,0.946,0.961,0.967,0.982,0.985,0.997,0.988,0.813,0.899,0.905,0.952,0.951,0.879,0.918,0.957,0.952,1.006,0.925,0.979,0.946,1.000,0.946,308.690
1,48,2,100,3500000,60244070,1,0.824,0.916,0.900,0.948,0.949,0.852,0.933,0.913,0.950,0.961,0.968,0.982,0.985,0.997,0.988,0.830,0.913,0.909,0.956,0.951,0.879,0.933,0.942,0.956,0.985,0.944,0.979,0.965,1.000,0.965,307.924
1,48,2,100,3800000,60244071,1,0.808,0.899,0.899,0.951,0.945,0.835,0.915,0.912,0.953,0.957,0.967,0.982,0.985,0.997,0.988,0.810,0.896,0.904,0.954,0.947,0.863,0.915,0.943,0.954,0.988,0.938,0.979,0.959,1.000,0.959,310.899
1,48,2,250,1000000,60244072,1,0.713,0.896,0.795,0.851,0.934,0.744,0.915,0.813,0.859,0.946,0.959,0.980,0.978,0.991,0.987,0.754,0.890,0.847,0.903,0.938,0.814,0.912,0.893,0.904,0.987,0.926,0.976,0.949,0.999,0.950,1071.780
1,48,2,250,1500000,60244073,1,0.751,0.895,0.839,0.904,0.928,0.778,0.912,0.853,0.907,0.941,0.965,0.981,0.983,0.996,0.987,0.786,0.890,0.883,0.940,0.940,0.839,0.911,0.921,0.941,0.978,0.937,0.977,0.960,0.999,0.960,903.443
1,48,2,250,2000000,60244074,1,0.781,0.903,0.865,0.920,0.940,0.816,0.920,0.887,0.931,0.952,0.957,0.981,0.975,0.988,0.987,0.811,0.901,0.900,0.951,0.946,0.862,0.922,0.935,0.957,0.978,0.940,0.977,0.962,0.994,0.968,801.926
1,48,2,250,2500000,60244075,1,0.803,0.898,0.893,0.938,0.953,0.831,0.915,0.908,0.941,0.964,0.966,0.982,0.984,0.996,0.988,0.816,0.897,0.910,0.953,0.955,0.865,0.916,0.944,0.954,0.990,0.943,0.978,0.964,0.999,0.965,572.142
1,48,2,250,3000000,60244076,1,0.816,0.905,0.902,0.946,0.954,0.843,0.921,0.915,0.948,0.965,0.968,0.982,0.985,0.997,0.988,0.823,0.903,0.911,0.954,0.955,0.879,0.923,0.953,0.954,0.999,0.936,0.979,0.956,1.000,0.957,546.343
1,48,2,250,3500000,60244077,1,0.822,0.898,0.916,0.955,0.958,0.849,0.915,0.929,0.958,0.969,0.968,0.982,0.986,0.997,0.988,0.825,0.896,0.922,0.961,0.959,0.860,0.915,0.940,0.962,0.977,0.960,0.979,0.981,0.999,0.981,535.453
1,48,2,250,3800000,60244078,1,0.831,0.910,0.913,0.958,0.953,0.860,0.927,0.928,0.961,0.966,0.967,0.982,0.984,0.997,0.987,0.833,0.907,0.919,0.963,0.955,0.877,0.927,0.947,0.963,0.983,0.950,0.978,0.971,1.000,0.971,540.375
1,48,2,500,1000000,60244079,1,0.710,0.894,0.794,0.847,0.938,0.737,0.912,0.808,0.851,0.950,0.963,0.980,0.982,0.995,0.987,9.508,0.888,10.712,0.901,11.887,0.821,0.910,0.902,0.902,1.000,11.585,0.976,11.875,0.999,11.889,1794.681
1,48,2,500,1500000,60244080,1,0.752,0.892,0.844,0.898,0.940,0.780,0.909,0.858,0.901,0.952,0.964,0.981,0.983,0.996,0.987,0.786,0.888,0.885,0.938,0.943,0.837,0.909,0.921,0.939,0.981,0.939,0.977,0.961,0.999,0.962,1424.790
1,48,2,500,2000000,60244081,1,0.778,0.895,0.869,0.925,0.939,0.806,0.912,0.883,0.929,0.951,0.965,0.981,0.984,0.996,0.987,0.806,0.893,0.903,0.954,0.946,0.855,0.913,0.937,0.954,0.981,0.942,0.977,0.964,0.999,0.964,1237.132
1,48,2,500,2500000,60244082,1,0.806,0.905,0.890,0.939,0.948,0.833,0.922,0.904,0.942,0.960,0.967,0.982,0.984,0.997,0.988,14.786,0.904,16.364,0.953,17.169,0.875,0.924,0.947,0.954,0.993,16.904,0.978,17.278,0.999,17.289,995.373
1,48,2,500,3000000,60244083,1,0.822,0.910,0.902,0.943,0.957,0.849,0.927,0.916,0.946,0.969,0.967,0.982,0.985,0.997,0.988,15.550,0.908,17.126,0.953,17.965,0.881,0.928,0.950,0.954,0.996,17.648,0.979,18.031,1.000,18.036,940.568
1,48,2,500,3500000,60244084,1,0.816,0.898,0.909,0.961,0.945,0.844,0.914,0.923,0.965,0.956,0.968,0.983,0.985,0.996,0.988,16.337,0.895,18.253,0.966,18.893,0.862,0.914,0.943,0.968,0.975,18.950,0.979,19.353,0.999,19.380,933.967
1,48,2,500,3800000,60244085,1,0.820,0.899,0.911,0.953,0.956,0.847,0.916,0.925,0.956,0.968,0.968,0.982,0.985,0.997,0.988,15.871,0.896,17.714,0.957,18.520,0.873,0.915,0.954,0.957,0.997,18.170,0.979,18.561,1.000,18.569,926.255
1,96,1,1,1000000,60244030,1,0.397,0.455,0.871,0.940,0.927,0.406,0.465,0.872,0.940,0.928,0.978,0.978,1.000,1.000,1.000,0.309,0.900,0.343,0.940,0.365,0.359,0.920,0.390,0.940,0.415,0.860,0.978,0.879,1.000,0.879,857.860
1,96,1,1,1500000,60244031,1,0.802,0.890,0.901,0.924,0.975,0.821,0.911,0.901,0.924,0.975,0.978,0.978,1.000,1.000,1.000,0.595,0.903,0.659,0.920,0.716,0.789,0.924,0.855,0.920,0.929,0.754,0.978,0.771,1.000,0.771,715.357
1,96,1,1,2000000,60244032,1,0.791,0.886,0.892,0.926,0.964,0.809,0.907,0.892,0.926,0.964,0.977,0.977,1.000,1.000,1.000,0.581,0.909,0.639,0.888,0.720,0.798,0.930,0.858,0.888,0.966,0.729,0.978,0.745,1.000,0.745,715.052
1,96,1,1,2500000,60244033,1,0.813,0.895,0.909,0.930,0.977,0.834,0.915,0.911,0.930,0.979,0.976,0.978,0.998,1.000,0.998,0.593,0.896,0.662,0.930,0.712,0.836,0.916,0.913,0.930,0.982,0.709,0.978,0.725,1.000,0.725,307.886
1,96,1,1,3000000,60244034,1,0.490,0.548,0.895,0.932,0.960,0.502,0.561,0.895,0.932,0.961,0.977,0.978,0.999,1.000,0.999,0.367,0.485,0.758,0.941,0.805,0.587,0.495,1.186,0.941,1.261,0.625,0.978,0.639,1.000,0.639,289.581
1,96,1,1,3500000,60244035,1,0.802,0.856,0.937,0.974,0.962,0.821,0.876,0.937,0.974,0.962,0.976,0.977,0.999,1.000,0.999,0.593,0.882,0.672,0.962,0.699,0.789,0.902,0.875,0.962,0.909,0.751,0.977,0.769,1.000,0.769,283.049
1,96,1,1,3800000,60244036,1,0.813,0.878,0.926,0.948,0.977,0.832,0.898,0.927,0.948,0.978,0.977,0.977,0.999,1.000,0.999,0.604,0.901,0.670,0.940,0.713,0.817,0.922,0.887,0.940,0.943,0.739,0.978,0.756,1.000,0.756,287.495
1,96,1,100,1000000,60244037,1,0.634,0.778,0.815,0.848,0.960,0.654,0.798,0.819,0.848,0.965,0.970,0.974,0.995,1.000,0.995,0.392,0.767,0.512,0.881,0.581,0.573,0.787,0.728,0.881,0.827,0.684,0.974,0.703,1.000,0.703,1057.750
1,96,1,100,1500000,60244038,1,0.665,0.765,0.870,0.916,0.950,0.687,0.785,0.875,0.916,0.955,0.969,0.974,0.995,1.000,0.995,0.410,0.758,0.540,0.945,0.572,0.608,0.779,0.781,0.945,0.826,0.674,0.974,0.692,1.000,0.692,942.390
1,96,1,100,2000000,60244039,1,0.680,0.758,0.896,0.928,0.965,0.701,0.779,0.901,0.928,0.970,0.969,0.974,0.995,1.000,0.995,0.416,0.756,0.551,0.949,0.580,0.614,0.776,0.792,0.949,0.834,0.677,0.974,0.696,1.000,0.696,841.588
1,96,1,100,2500000,60244040,1,0.693,0.760,0.911,0.943,0.966,0.715,0.781,0.915,0.943,0.971,0.969,0.974,0.995,1.000,0.995,0.415,0.755,0.550,0.949,0.579,0.638,0.775,0.824,0.949,0.868,0.650,0.974,0.667,1.000,0.667,476.621
1,96,1,100,3000000,60244041,1,0.691,0.751,0.921,0.960,0.959,0.713,0.771,0.925,0.960,0.964,0.969,0.974,0.995,1.000,0.995,0.420,0.756,0.555,0.940,0.590,0.609,0.777,0.784,0.940,0.834,0.690,0.974,0.708,1.000,0.708,456.067
1,96,1,100,3500000,60244042,1,0.692,0.752,0.920,0.952,0.967,0.715,0.773,0.925,0.952,0.971,0.969,0.974,0.995,1.000,0.995,0.421,0.754,0.559,0.974,0.573,0.659,0.775,0.850,0.974,0.873,0.640,0.974,0.657,1.000,0.657,475.973
1,96,1,100,3800000,60244043,1,0.702,0.751,0.936,0.959,0.976,0.725,0.771,0.940,0.959,0.981,0.969,0.974,0.995,1.000,0.995,0.427,0.754,0.566,0.964,0.588,0.639,0.774,0.826,0.964,0.857,0.667,0.974,0.685,1.000,0.685,446.702
1,96,1,250,1000000,60244044,1,0.624,0.769,0.811,0.855,0.949,0.643,0.789,0.815,0.855,0.953,0.970,0.974,0.995,1.000,0.995,0.387,0.768,0.503,0.882,0.571,0.583,0.788,0.739,0.882,0.838,0.663,0.974,0.681,1.000,0.681,1572.089
1,96,1,250,1500000,60244045,1,0.663,0.763,0.869,0.905,0.961,0.684,0.783,0.874,0.905,0.966,0.969,0.974,0.995,1.000,0.995,0.408,0.757,0.538,0.940,0.573,0.602,0.777,0.775,0.940,0.824,0.677,0.974,0.695,1.000,0.695,1265.161
1,96,1,250,2000000,60244046,1,0.676,0.756,0.894,0.929,0.962,0.698,0.776,0.898,0.929,0.967,0.969,0.974,0.995,1.000,0.995,0.411,0.755,0.545,0.944,0.577,0.620,0.775,0.800,0.944,0.847,0.663,0.974,0.681,1.000,0.681,1199.847
1,96,1,250,2500000,60244047,1,0.693,0.755,0.917,0.947,0.968,0.715,0.776,0.921,0.947,0.973,0.969,0.974,0.995,1.000,0.995,0.415,0.757,0.549,0.958,0.573,0.607,0.777,0.781,0.958,0.815,0.684,0.974,0.703,1.000,0.703,722.978
1,96,1,250,3000000,60244048,1,0.693,0.750,0.924,0.956,0.967,0.715,0.770,0.929,0.956,0.972,0.969,0.973,0.995,1.000,0.995,0.420,0.755,0.556,0.961,0.579,0.640,0.775,0.825,0.961,0.859,0.656,0.974,0.674,1.000,0.674,701.015
1,96,1,250,3500000,60244049,1,0.689,0.747,0.922,0.956,0.965,0.711,0.767,0.927,0.956,0.970,0.969,0.973,0.995,1.000,0.995,0.417,0.752,0.555,0.947,0.586,0.647,0.772,0.838,0.947,0.885,0.645,0.974,0.662,1.000,0.662,696.145
1,96,1,250,3800000,60244050,1,0.690,0.746,0.925,0.958,0.966,0.712,0.766,0.930,0.958,0.971,0.969,0.973,0.995,1.000,0.995,0.418,0.751,0.557,0.970,0.574,0.634,0.771,0.823,0.970,0.848,0.659,0.974,0.677,1.000,0.677,695.899
1,96,1,500,1000000,60244051,1,0.632,0.768,0.823,0.864,0.952,0.652,0.789,0.827,0.864,0.957,0.969,0.974,0.995,1.000,0.995,2.294,0.769,2.983,0.899,3.317,0.603,0.789,0.764,0.899,0.849,3.805,0.974,3.906,1.000,3.906,2291.835
1,96,1,500,1500000,60244052,1,0.658,0.758,0.868,0.906,0.958,0.679,0.779,0.872,0.906,0.963,0.969,0.974,0.995,1.000,0.995,6.469,0.757,8.544,0.926,9.230,0.603,0.778,0.776,0.926,0.838,10.723,0.974,11.012,1.000,11.012,1884.283
1,96,1,500,2000000,60244053,1,0.676,0.756,0.895,0.928,0.964,0.698,0.776,0.899,0.928,0.969,0.969,0.974,0.995,1.000,0.995,6.376,0.755,8.444,0.940,8.988,0.624,0.775,0.804,0.940,0.856,10.221,0.974,10.498,1.000,10.498,1594.175
1,96,1,500,2500000,60244054,1,0.689,0.755,0.913,0.952,0.959,0.711,0.775,0.917,0.952,0.964,0.969,0.974,0.995,1.000,0.995,3.105,0.758,4.095,0.954,4.292,0.611,0.779,0.785,0.954,0.823,5.080,0.974,5.217,1.000,5.217,1178.349
1,96,1,500,3000000,60244055,1,0.688,0.745,0.923,0.956,0.965,0.710,0.766,0.927,0.956,0.970,0.969,0.973,0.995,1.000,0.995,3.383,0.753,4.490,0.953,4.711,0.642,0.774,0.829,0.953,0.870,5.270,0.974,5.413,1.000,5.413,1133.834
1,96,1,500,3500000,60244056,1,0.692,0.749,0.923,0.963,0.959,0.714,0.770,0.928,0.963,0.963,0.969,0.973,0.995,1.000,0.995,3.459,0.754,4.589,0.958,4.789,0.650,0.774,0.839,0.958,0.876,5.324,0.974,5.468,1.000,5.468,1123.134
1,96,1,500,3800000,60244057,1,0.690,0.746,0.924,0.956,0.967,0.712,0.767,0.929,0.956,0.971,0.969,0.973,0.995,1.000,0.995,3.622,0.755,4.797,0.952,5.040,0.651,0.775,0.839,0.952,0.882,5.564,0.974,5.715,1.000,5.715,1123.177